CREATED_DTM,ORDERS_REG,ORDERS_STO,ORDERS_WITEL,STATUS_NOTIF,TEMPLATE_TYPE
3/21/2022 12:06,REGIONAL 1,DAR,ACEH,WA Delivered,ULDL
3/21/2022 12:06,REGIONAL 1,MBO,ACEH,WA Delivered,ULDL
3/21/2022 12:06,REGIONAL 1,BNC,BENGKULU,WA Delivered,ULDL
3/21/2022 12:06,REGIONAL 1,TJN,PKPINANG,WA Delivered,ULDL
3/21/2022 12:06,REGIONAL 1,PDB,MEDAN,WA Rejected,ULDL
3/21/2022 12:06,REGIONAL 1,BNC,BENGKULU,WA Read,ULDL
3/21/2022 12:06,REGIONAL 1,JMB,JAMBI,WA Read,ULDL
3/21/2022 12:06,REGIONAL 1,MND,JAMBI,WA Read,ULDL
3/21/2022 12:06,REGIONAL 1,LBP,MEDAN,WA Read,ULDL
3/21/2022 12:06,REGIONAL 1,MDC,MEDAN,WA Read,ULDL
3/21/2022 12:06,REGIONAL 1,MDC,MEDAN,WA Read,ULDL
3/21/2022 12:06,REGIONAL 1,TJM,MEDAN,WA Read,ULDL
3/21/2022 12:06,REGIONAL 1,DGS,RIKEP,WA Read,ULDL
3/21/2022 16:06,REGIONAL 1,BKJ,ACEH,WA Delivered,ULDL
3/21/2022 16:06,REGIONAL 1,DAR,ACEH,WA Delivered,ULDL
3/21/2022 16:06,REGIONAL 1,KOA,JAMBI,WA Delivered,ULDL
3/21/2022 16:06,REGIONAL 1,KTL,JAMBI,WA Delivered,ULDL
3/21/2022 16:06,REGIONAL 1,KDT,LAMPUNG,WA Delivered,ULDL
3/21/2022 16:06,REGIONAL 1,CTD,MEDAN,WA Delivered,ULDL
3/21/2022 16:06,REGIONAL 1,LBP,MEDAN,WA Delivered,ULDL
3/21/2022 16:06,REGIONAL 1,MCD,MEDAN,WA Delivered,ULDL
3/21/2022 12:06,REGIONAL 2,PDE,BEKASI,WA Delivered,ULDL
3/21/2022 12:06,REGIONAL 2,PDE,BEKASI,WA Delivered,ULDL
3/21/2022 12:06,REGIONAL 2,PDE,BEKASI,WA Delivered,ULDL
3/21/2022 12:06,REGIONAL 2,PDE,BEKASI,WA Delivered,ULDL
3/21/2022 12:06,REGIONAL 2,PDE,BEKASI,WA Delivered,ULDL
3/21/2022 12:06,REGIONAL 2,PDE,BEKASI,WA Delivered,ULDL
3/21/2022 12:06,REGIONAL 2,PKY,BEKASI,WA Delivered,ULDL
3/21/2022 12:06,REGIONAL 2,PKY,BEKASI,WA Delivered,ULDL
3/21/2022 12:06,REGIONAL 2,STN,BEKASI,WA Delivered,ULDL
3/21/2022 12:06,REGIONAL 2,TAR,BEKASI,WA Delivered,ULDL
3/21/2022 12:06,REGIONAL 2,TAR,BEKASI,WA Delivered,ULDL
3/21/2022 12:06,REGIONAL 2,BJD,BOGOR,WA Delivered,ULDL
3/21/2022 12:06,REGIONAL 2,BOO,BOGOR,WA Delivered,ULDL
3/21/2022 12:06,REGIONAL 2,BOO,BOGOR,WA Delivered,ULDL
3/21/2022 12:06,REGIONAL 2,BOO,BOGOR,WA Delivered,ULDL
3/21/2022 12:06,REGIONAL 2,BOO,BOGOR,WA Delivered,ULDL
3/21/2022 12:06,REGIONAL 2,CBI,BOGOR,WA Delivered,ULDL
3/21/2022 12:06,REGIONAL 2,CBI,BOGOR,WA Delivered,ULDL
3/21/2022 12:06,REGIONAL 2,CBI,BOGOR,WA Delivered,ULDL
3/21/2022 12:06,REGIONAL 2,CJU,BOGOR,WA Delivered,ULDL
3/21/2022 12:06,REGIONAL 2,CRI,BOGOR,WA Delivered,ULDL
3/21/2022 12:06,REGIONAL 2,CRI,BOGOR,WA Delivered,ULDL
3/21/2022 12:06,REGIONAL 2,CSE,BOGOR,WA Delivered,ULDL
3/21/2022 12:06,REGIONAL 2,CSL,BOGOR,WA Delivered,ULDL
3/21/2022 12:06,REGIONAL 2,CSL,BOGOR,WA Delivered,ULDL
3/21/2022 12:06,REGIONAL 2,CSR,BOGOR,WA Delivered,ULDL
3/21/2022 12:06,REGIONAL 2,CWI,BOGOR,WA Delivered,ULDL
3/21/2022 12:06,REGIONAL 2,DEP,BOGOR,WA Delivered,ULDL
3/21/2022 12:06,REGIONAL 2,DEP,BOGOR,WA Delivered,ULDL
3/21/2022 12:06,REGIONAL 2,DEP,BOGOR,WA Delivered,ULDL
3/21/2022 12:06,REGIONAL 2,DEP,BOGOR,WA Delivered,ULDL
3/21/2022 12:06,REGIONAL 2,DEP,BOGOR,WA Delivered,ULDL
3/21/2022 12:06,REGIONAL 2,DEP,BOGOR,WA Delivered,ULDL
3/21/2022 12:06,REGIONAL 2,DMG,BOGOR,WA Delivered,ULDL
3/21/2022 12:06,REGIONAL 2,GPI,BOGOR,WA Delivered,ULDL
3/21/2022 12:06,REGIONAL 2,JGL,BOGOR,WA Delivered,ULDL
3/21/2022 12:06,REGIONAL 2,PAG,BOGOR,WA Delivered,ULDL
3/21/2022 12:06,REGIONAL 2,PAR,BOGOR,WA Delivered,ULDL
3/21/2022 12:06,REGIONAL 2,PAR,BOGOR,WA Delivered,ULDL
3/21/2022 12:06,REGIONAL 2,PCM,BOGOR,WA Delivered,ULDL
3/21/2022 12:06,REGIONAL 2,SKJ,BOGOR,WA Delivered,ULDL
3/21/2022 12:06,REGIONAL 2,SKJ,BOGOR,WA Delivered,ULDL
3/21/2022 12:06,REGIONAL 2,SKJ,BOGOR,WA Delivered,ULDL
3/21/2022 12:06,REGIONAL 2,SPL,BOGOR,WA Delivered,ULDL
3/21/2022 12:06,REGIONAL 2,SPL,BOGOR,WA Delivered,ULDL
3/21/2022 12:06,REGIONAL 2,CKG,JAKBAR,WA Delivered,ULDL
3/21/2022 12:06,REGIONAL 2,CKG,JAKBAR,WA Delivered,ULDL
3/21/2022 12:06,REGIONAL 2,CKG,JAKBAR,WA Delivered,ULDL
3/21/2022 12:06,REGIONAL 2,KDY,JAKBAR,WA Delivered,ULDL
3/21/2022 12:06,REGIONAL 2,KDY,JAKBAR,WA Delivered,ULDL
3/21/2022 12:06,REGIONAL 2,KPK,JAKBAR,WA Delivered,ULDL
3/21/2022 12:06,REGIONAL 2,MRY,JAKBAR,WA Delivered,ULDL
3/21/2022 12:06,REGIONAL 2,MRY,JAKBAR,WA Delivered,ULDL
3/21/2022 12:06,REGIONAL 2,PLM,JAKBAR,WA Delivered,ULDL
3/21/2022 12:06,REGIONAL 2,PLM,JAKBAR,WA Delivered,ULDL
3/21/2022 12:06,REGIONAL 2,PLM,JAKBAR,WA Delivered,ULDL
3/21/2022 12:06,REGIONAL 2,SLP,JAKBAR,WA Delivered,ULDL
3/21/2022 12:06,REGIONAL 2,SMI,JAKBAR,WA Delivered,ULDL
3/21/2022 12:06,REGIONAL 2,CID,JAKPUS,WA Delivered,ULDL
3/21/2022 12:06,REGIONAL 2,CID,JAKPUS,WA Delivered,ULDL
3/21/2022 12:06,REGIONAL 2,CPP,JAKPUS,WA Delivered,ULDL
3/21/2022 12:06,REGIONAL 2,CPP,JAKPUS,WA Delivered,ULDL
3/21/2022 12:06,REGIONAL 2,CPP,JAKPUS,WA Delivered,ULDL
3/21/2022 12:06,REGIONAL 2,GBC,JAKPUS,WA Delivered,ULDL
3/21/2022 12:06,REGIONAL 2,GBC,JAKPUS,WA Delivered,ULDL
3/21/2022 12:06,REGIONAL 2,GBC,JAKPUS,WA Delivered,ULDL
3/21/2022 12:06,REGIONAL 2,GBC,JAKPUS,WA Delivered,ULDL
3/21/2022 12:06,REGIONAL 2,GBI,JAKPUS,WA Delivered,ULDL
3/21/2022 12:06,REGIONAL 2,GBI,JAKPUS,WA Delivered,ULDL
3/21/2022 12:06,REGIONAL 2,GBI,JAKPUS,WA Delivered,ULDL
3/21/2022 12:06,REGIONAL 2,BIN,JAKSEL,WA Delivered,ULDL
3/21/2022 12:06,REGIONAL 2,BIN,JAKSEL,WA Delivered,ULDL
3/21/2022 12:06,REGIONAL 2,BIN,JAKSEL,WA Delivered,ULDL
3/21/2022 12:06,REGIONAL 2,CPE,JAKSEL,WA Delivered,ULDL
3/21/2022 12:06,REGIONAL 2,JAG,JAKSEL,WA Delivered,ULDL
3/21/2022 12:06,REGIONAL 2,JAG,JAKSEL,WA Delivered,ULDL
3/21/2022 12:06,REGIONAL 2,KAL,JAKSEL,WA Delivered,ULDL
3/21/2022 12:06,REGIONAL 2,KAL,JAKSEL,WA Delivered,ULDL
3/21/2022 12:06,REGIONAL 2,KBY,JAKSEL,WA Delivered,ULDL
3/21/2022 12:06,REGIONAL 2,KBY,JAKSEL,WA Delivered,ULDL
3/21/2022 12:06,REGIONAL 2,KMG,JAKSEL,WA Delivered,ULDL
3/21/2022 12:06,REGIONAL 2,BAY,SERANG,WA Delivered,ULDL
3/21/2022 12:06,REGIONAL 2,BLJ,SERANG,WA Delivered,ULDL
3/21/2022 12:06,REGIONAL 2,CKD,SERANG,WA Delivered,ULDL
3/21/2022 12:06,REGIONAL 2,CLG,SERANG,WA Delivered,ULDL
3/21/2022 12:06,REGIONAL 2,CLG,SERANG,WA Delivered,ULDL
3/21/2022 12:06,REGIONAL 2,CLG,SERANG,WA Delivered,ULDL
3/21/2022 12:06,REGIONAL 2,CLG,SERANG,WA Delivered,ULDL
3/21/2022 12:06,REGIONAL 2,CLG,SERANG,WA Delivered,ULDL
3/21/2022 12:06,REGIONAL 2,CLG,SERANG,WA Delivered,ULDL
3/21/2022 12:06,REGIONAL 2,CLG,SERANG,WA Delivered,ULDL
3/21/2022 12:06,REGIONAL 2,KMT,SERANG,WA Delivered,ULDL
3/21/2022 12:06,REGIONAL 2,LBU,SERANG,WA Delivered,ULDL
3/21/2022 12:06,REGIONAL 2,RKS,SERANG,WA Delivered,ULDL
3/21/2022 12:06,REGIONAL 2,RKS,SERANG,WA Delivered,ULDL
3/21/2022 12:06,REGIONAL 2,RKS,SERANG,WA Delivered,ULDL
3/21/2022 12:06,REGIONAL 2,SEG,SERANG,WA Delivered,ULDL
3/21/2022 12:06,REGIONAL 2,SEG,SERANG,WA Delivered,ULDL
3/21/2022 12:06,REGIONAL 2,SEG,SERANG,WA Delivered,ULDL
3/21/2022 12:06,REGIONAL 2,KAL,JAKSEL,WA Delivered,ULDL
3/21/2022 12:06,REGIONAL 1,PDB,MEDAN,WA Rejected,ULDL
3/21/2022 12:06,REGIONAL 2,CSR,BOGOR,WA Rejected,ULDL
3/21/2022 12:06,REGIONAL 2,TJH,BOGOR,WA Rejected,ULDL
3/21/2022 12:06,REGIONAL 2,CRS,SERANG,WA Rejected,ULDL
3/21/2022 12:06,REGIONAL 2,LBU,SERANG,WA Rejected,ULDL
3/21/2022 12:06,REGIONAL 2,PDG,SERANG,WA Rejected,ULDL
3/21/2022 12:06,REGIONAL 2,BBL,BEKASI,WA Rejected,ULDL
3/21/2022 12:06,REGIONAL 2,BBL,BEKASI,WA Rejected,ULDL
3/21/2022 12:06,REGIONAL 2,BEK,BEKASI,WA Rejected,ULDL
3/21/2022 12:06,REGIONAL 2,BEK,BEKASI,WA Rejected,ULDL
3/21/2022 12:06,REGIONAL 2,JBB,BEKASI,WA Rejected,ULDL
3/21/2022 12:06,REGIONAL 2,KRA,BEKASI,WA Rejected,ULDL
3/21/2022 12:06,REGIONAL 2,LMA,BEKASI,WA Rejected,ULDL
3/21/2022 12:06,REGIONAL 2,PDE,BEKASI,WA Rejected,ULDL
3/21/2022 12:06,REGIONAL 2,PDE,BEKASI,WA Rejected,ULDL
3/21/2022 12:06,REGIONAL 2,PDE,BEKASI,WA Rejected,ULDL
3/21/2022 12:06,REGIONAL 2,PDE,BEKASI,WA Rejected,ULDL
3/21/2022 12:06,REGIONAL 2,TAR,BEKASI,WA Rejected,ULDL
3/21/2022 12:06,REGIONAL 2,BOO,BOGOR,WA Rejected,ULDL
3/21/2022 12:06,REGIONAL 2,BOO,BOGOR,WA Rejected,ULDL
3/21/2022 12:06,REGIONAL 2,CBI,BOGOR,WA Rejected,ULDL
3/21/2022 12:06,REGIONAL 2,CBI,BOGOR,WA Rejected,ULDL
3/21/2022 12:06,REGIONAL 2,CJU,BOGOR,WA Rejected,ULDL
3/21/2022 12:06,REGIONAL 2,CLS,BOGOR,WA Rejected,ULDL
3/21/2022 12:06,REGIONAL 2,CPS,BOGOR,WA Rejected,ULDL
3/21/2022 12:06,REGIONAL 2,CSL,BOGOR,WA Rejected,ULDL
3/21/2022 12:06,REGIONAL 2,CTR,BOGOR,WA Rejected,ULDL
3/21/2022 12:06,REGIONAL 2,CWI,BOGOR,WA Rejected,ULDL
3/21/2022 12:06,REGIONAL 2,CWI,BOGOR,WA Rejected,ULDL
3/21/2022 12:06,REGIONAL 2,CWI,BOGOR,WA Rejected,ULDL
3/21/2022 12:06,REGIONAL 2,DEP,BOGOR,WA Rejected,ULDL
3/21/2022 12:06,REGIONAL 2,DEP,BOGOR,WA Rejected,ULDL
3/21/2022 12:06,REGIONAL 2,DEP,BOGOR,WA Rejected,ULDL
3/21/2022 12:06,REGIONAL 2,DEP,BOGOR,WA Rejected,ULDL
3/21/2022 12:06,REGIONAL 2,DEP,BOGOR,WA Rejected,ULDL
3/21/2022 12:06,REGIONAL 2,DEP,BOGOR,WA Rejected,ULDL
3/21/2022 12:06,REGIONAL 2,PAG,BOGOR,WA Rejected,ULDL
3/21/2022 12:06,REGIONAL 2,PAR,BOGOR,WA Rejected,ULDL
3/21/2022 12:06,REGIONAL 2,PCM,BOGOR,WA Rejected,ULDL
3/21/2022 12:06,REGIONAL 2,PMU,BOGOR,WA Rejected,ULDL
3/21/2022 12:06,REGIONAL 2,SKJ,BOGOR,WA Rejected,ULDL
3/21/2022 12:06,REGIONAL 2,SKJ,BOGOR,WA Rejected,ULDL
3/21/2022 12:06,REGIONAL 2,SPL,BOGOR,WA Rejected,ULDL
3/21/2022 12:06,REGIONAL 2,CKG,JAKBAR,WA Rejected,ULDL
3/21/2022 12:06,REGIONAL 2,CKG,JAKBAR,WA Rejected,ULDL
3/21/2022 12:06,REGIONAL 2,CKG,JAKBAR,WA Rejected,ULDL
3/21/2022 12:06,REGIONAL 2,MRY,JAKBAR,WA Rejected,ULDL
3/21/2022 12:06,REGIONAL 2,MRY,JAKBAR,WA Rejected,ULDL
3/21/2022 12:06,REGIONAL 2,MRY,JAKBAR,WA Rejected,ULDL
3/21/2022 12:06,REGIONAL 2,MRY,JAKBAR,WA Rejected,ULDL
3/21/2022 12:06,REGIONAL 2,PLM,JAKBAR,WA Rejected,ULDL
3/21/2022 12:06,REGIONAL 2,SLP,JAKBAR,WA Rejected,ULDL
3/21/2022 12:06,REGIONAL 2,SLP,JAKBAR,WA Rejected,ULDL
3/21/2022 12:06,REGIONAL 2,SMI,JAKBAR,WA Rejected,ULDL
3/21/2022 12:06,REGIONAL 2,TGA,JAKBAR,WA Rejected,ULDL
3/21/2022 12:06,REGIONAL 2,TGA,JAKBAR,WA Rejected,ULDL
3/21/2022 12:06,REGIONAL 2,CID,JAKPUS,WA Rejected,ULDL
3/21/2022 12:06,REGIONAL 2,CID,JAKPUS,WA Rejected,ULDL
3/21/2022 12:06,REGIONAL 2,CPP,JAKPUS,WA Rejected,ULDL
3/21/2022 12:06,REGIONAL 2,CPP,JAKPUS,WA Rejected,ULDL
3/21/2022 12:06,REGIONAL 2,GBC,JAKPUS,WA Rejected,ULDL
3/21/2022 12:06,REGIONAL 2,GBC,JAKPUS,WA Rejected,ULDL
3/21/2022 12:06,REGIONAL 2,BIN,JAKSEL,WA Rejected,ULDL
3/21/2022 12:06,REGIONAL 2,BIN,JAKSEL,WA Rejected,ULDL
3/21/2022 12:06,REGIONAL 2,CPE,JAKSEL,WA Rejected,ULDL
3/21/2022 12:06,REGIONAL 2,JAG,JAKSEL,WA Rejected,ULDL
3/21/2022 12:06,REGIONAL 2,JAG,JAKSEL,WA Rejected,ULDL
3/21/2022 12:06,REGIONAL 2,KAL,JAKSEL,WA Rejected,ULDL
3/21/2022 12:06,REGIONAL 2,KMG,JAKSEL,WA Rejected,ULDL
3/21/2022 12:06,REGIONAL 2,CKA,SERANG,WA Rejected,ULDL
3/21/2022 12:06,REGIONAL 2,CKA,SERANG,WA Rejected,ULDL
3/21/2022 12:06,REGIONAL 2,CKD,SERANG,WA Rejected,ULDL
3/21/2022 12:06,REGIONAL 2,CRS,SERANG,WA Rejected,ULDL
3/21/2022 12:06,REGIONAL 2,CSK,SERANG,WA Rejected,ULDL
3/21/2022 12:06,REGIONAL 2,PDG,SERANG,WA Rejected,ULDL
3/21/2022 12:06,REGIONAL 2,PSU,SERANG,WA Rejected,ULDL
3/21/2022 12:06,REGIONAL 2,SAG,SERANG,WA Rejected,ULDL
3/21/2022 12:06,REGIONAL 2,SEG,SERANG,WA Rejected,ULDL
3/21/2022 12:06,REGIONAL 2,TGR,SERANG,WA Rejected,ULDL
3/21/2022 12:06,REGIONAL 2,DEP,BOGOR,WA Rejected,ULDL
3/21/2022 12:06,REGIONAL 1,BNC,BENGKULU,WA Read,ULDL
3/21/2022 12:06,REGIONAL 1,JMB,JAMBI,WA Read,ULDL
3/21/2022 12:06,REGIONAL 1,MND,JAMBI,WA Read,ULDL
3/21/2022 12:06,REGIONAL 1,LBP,MEDAN,WA Read,ULDL
3/21/2022 12:06,REGIONAL 1,MDC,MEDAN,WA Read,ULDL
3/21/2022 12:06,REGIONAL 1,MDC,MEDAN,WA Read,ULDL
3/21/2022 12:06,REGIONAL 1,MDC,MEDAN,WA Read,ULDL
3/21/2022 12:06,REGIONAL 1,MDC,MEDAN,WA Read,ULDL
3/21/2022 12:06,REGIONAL 1,PUB,MEDAN,WA Read,ULDL
3/21/2022 12:06,REGIONAL 1,PUB,MEDAN,WA Read,ULDL
3/21/2022 12:06,REGIONAL 1,TTG,MEDAN,WA Read,ULDL
3/21/2022 12:06,REGIONAL 1,PGP,PKPINANG,WA Read,ULDL
3/21/2022 12:06,REGIONAL 1,DRI,RIDAR,WA Read,ULDL
3/21/2022 12:06,REGIONAL 1,CTD,MEDAN,WA Read,ULDL
3/21/2022 12:06,REGIONAL 1,TJM,MEDAN,WA Read,ULDL
3/21/2022 12:06,REGIONAL 1,DGS,RIKEP,WA Read,ULDL
3/21/2022 12:06,REGIONAL 2,CBR,BEKASI,WA Read,ULDL
3/21/2022 12:06,REGIONAL 2,KRA,BEKASI,WA Read,ULDL
3/21/2022 12:06,REGIONAL 2,KRA,BEKASI,WA Read,ULDL
3/21/2022 12:06,REGIONAL 2,PDE,BEKASI,WA Read,ULDL
3/21/2022 12:06,REGIONAL 2,TBL,BEKASI,WA Read,ULDL
3/21/2022 12:06,REGIONAL 2,BOO,BOGOR,WA Read,ULDL
3/21/2022 12:06,REGIONAL 2,CPP,JAKPUS,WA Read,ULDL
3/21/2022 12:06,REGIONAL 2,KBY,JAKSEL,WA Read,ULDL
3/21/2022 12:06,REGIONAL 2,KMG,JAKSEL,WA Read,ULDL
3/21/2022 12:06,REGIONAL 2,TBE,JAKSEL,WA Read,ULDL
3/21/2022 12:06,REGIONAL 2,KMT,SERANG,WA Read,ULDL
3/21/2022 12:06,REGIONAL 2,SEG,SERANG,WA Read,ULDL
3/21/2022 12:06,REGIONAL 2,BBL,BEKASI,WA Read,ULDL
3/21/2022 12:06,REGIONAL 2,BBL,BEKASI,WA Read,ULDL
3/21/2022 12:06,REGIONAL 2,BBL,BEKASI,WA Read,ULDL
3/21/2022 12:06,REGIONAL 2,BBL,BEKASI,WA Read,ULDL
3/21/2022 12:06,REGIONAL 2,BBL,BEKASI,WA Read,ULDL
3/21/2022 12:06,REGIONAL 2,BBL,BEKASI,WA Read,ULDL
3/21/2022 12:06,REGIONAL 2,BEK,BEKASI,WA Read,ULDL
3/21/2022 12:06,REGIONAL 2,BEK,BEKASI,WA Read,ULDL
3/21/2022 12:06,REGIONAL 2,BEK,BEKASI,WA Read,ULDL
3/21/2022 12:06,REGIONAL 2,BEK,BEKASI,WA Read,ULDL
3/21/2022 12:06,REGIONAL 2,BEK,BEKASI,WA Read,ULDL
3/21/2022 12:06,REGIONAL 2,BEK,BEKASI,WA Read,ULDL
3/21/2022 12:06,REGIONAL 2,BEK,BEKASI,WA Read,ULDL
3/21/2022 12:06,REGIONAL 2,BEK,BEKASI,WA Read,ULDL
3/21/2022 12:06,REGIONAL 2,BGG,BEKASI,WA Read,ULDL
3/21/2022 12:06,REGIONAL 2,BGG,BEKASI,WA Read,ULDL
3/21/2022 12:06,REGIONAL 2,BGG,BEKASI,WA Read,ULDL
3/21/2022 12:06,REGIONAL 2,BGG,BEKASI,WA Read,ULDL
3/21/2022 12:06,REGIONAL 2,BGG,BEKASI,WA Read,ULDL
3/21/2022 12:06,REGIONAL 2,CBR,BEKASI,WA Read,ULDL
3/21/2022 12:06,REGIONAL 2,CBR,BEKASI,WA Read,ULDL
3/21/2022 12:06,REGIONAL 2,CBR,BEKASI,WA Read,ULDL
3/21/2022 12:06,REGIONAL 2,CIB,BEKASI,WA Read,ULDL
3/21/2022 12:06,REGIONAL 2,CIB,BEKASI,WA Read,ULDL
3/21/2022 12:06,REGIONAL 2,CIK,BEKASI,WA Read,ULDL
3/21/2022 12:06,REGIONAL 2,JBB,BEKASI,WA Read,ULDL
3/21/2022 12:06,REGIONAL 2,KLB,BEKASI,WA Read,ULDL
3/21/2022 12:06,REGIONAL 2,KLB,BEKASI,WA Read,ULDL
3/21/2022 12:06,REGIONAL 2,KLB,BEKASI,WA Read,ULDL
3/21/2022 12:06,REGIONAL 2,KLB,BEKASI,WA Read,ULDL
3/21/2022 12:06,REGIONAL 2,KLB,BEKASI,WA Read,ULDL
3/21/2022 12:06,REGIONAL 2,KLB,BEKASI,WA Read,ULDL
3/21/2022 12:06,REGIONAL 2,KLB,BEKASI,WA Read,ULDL
3/21/2022 12:06,REGIONAL 2,KRA,BEKASI,WA Read,ULDL
3/21/2022 12:06,REGIONAL 2,KRA,BEKASI,WA Read,ULDL
3/21/2022 12:06,REGIONAL 2,KRA,BEKASI,WA Read,ULDL
3/21/2022 12:06,REGIONAL 2,KRA,BEKASI,WA Read,ULDL
3/21/2022 12:06,REGIONAL 2,KRA,BEKASI,WA Read,ULDL
3/21/2022 12:06,REGIONAL 2,KRA,BEKASI,WA Read,ULDL
3/21/2022 12:06,REGIONAL 2,KRA,BEKASI,WA Read,ULDL
3/21/2022 12:06,REGIONAL 2,KRA,BEKASI,WA Read,ULDL
3/21/2022 12:06,REGIONAL 2,PBY,BEKASI,WA Read,ULDL
3/21/2022 12:06,REGIONAL 2,PDE,BEKASI,WA Read,ULDL
3/21/2022 12:06,REGIONAL 2,PDE,BEKASI,WA Read,ULDL
3/21/2022 12:06,REGIONAL 2,PDE,BEKASI,WA Read,ULDL
3/21/2022 12:06,REGIONAL 2,PDE,BEKASI,WA Read,ULDL
3/21/2022 12:06,REGIONAL 2,PDE,BEKASI,WA Read,ULDL
3/21/2022 12:06,REGIONAL 2,PDE,BEKASI,WA Read,ULDL
3/21/2022 12:06,REGIONAL 2,PDE,BEKASI,WA Read,ULDL
3/21/2022 12:06,REGIONAL 2,PDE,BEKASI,WA Read,ULDL
3/21/2022 12:06,REGIONAL 2,PDE,BEKASI,WA Read,ULDL
3/21/2022 12:06,REGIONAL 2,PKY,BEKASI,WA Read,ULDL
3/21/2022 12:06,REGIONAL 2,PKY,BEKASI,WA Read,ULDL
3/21/2022 12:06,REGIONAL 2,PKY,BEKASI,WA Read,ULDL
3/21/2022 12:06,REGIONAL 2,PKY,BEKASI,WA Read,ULDL
3/21/2022 12:06,REGIONAL 2,PKY,BEKASI,WA Read,ULDL
3/21/2022 12:06,REGIONAL 2,SMH,BEKASI,WA Read,ULDL
3/21/2022 12:06,REGIONAL 2,TAR,BEKASI,WA Read,ULDL
3/21/2022 12:06,REGIONAL 2,TAR,BEKASI,WA Read,ULDL
3/21/2022 12:06,REGIONAL 2,TAR,BEKASI,WA Read,ULDL
3/21/2022 12:06,REGIONAL 2,TAR,BEKASI,WA Read,ULDL
3/21/2022 12:06,REGIONAL 2,BJD,BOGOR,WA Read,ULDL
3/21/2022 12:06,REGIONAL 2,BJD,BOGOR,WA Read,ULDL
3/21/2022 12:06,REGIONAL 2,BJD,BOGOR,WA Read,ULDL
3/21/2022 12:06,REGIONAL 2,BJD,BOGOR,WA Read,ULDL
3/21/2022 12:06,REGIONAL 2,BJD,BOGOR,WA Read,ULDL
3/21/2022 12:06,REGIONAL 2,BOO,BOGOR,WA Read,ULDL
3/21/2022 12:06,REGIONAL 2,BOO,BOGOR,WA Read,ULDL
3/21/2022 12:06,REGIONAL 2,CBI,BOGOR,WA Read,ULDL
3/21/2022 12:06,REGIONAL 2,CBI,BOGOR,WA Read,ULDL
3/21/2022 12:06,REGIONAL 2,CBI,BOGOR,WA Read,ULDL
3/21/2022 12:06,REGIONAL 2,CJU,BOGOR,WA Read,ULDL
3/21/2022 12:06,REGIONAL 2,CJU,BOGOR,WA Read,ULDL
3/21/2022 12:06,REGIONAL 2,CJU,BOGOR,WA Read,ULDL
3/21/2022 12:06,REGIONAL 2,CLS,BOGOR,WA Read,ULDL
3/21/2022 12:06,REGIONAL 2,CLS,BOGOR,WA Read,ULDL
3/21/2022 12:06,REGIONAL 2,CLS,BOGOR,WA Read,ULDL
3/21/2022 12:06,REGIONAL 2,CLS,BOGOR,WA Read,ULDL
3/21/2022 12:06,REGIONAL 2,CNE,BOGOR,WA Read,ULDL
3/21/2022 12:06,REGIONAL 2,CPS,BOGOR,WA Read,ULDL
3/21/2022 12:06,REGIONAL 2,CPS,BOGOR,WA Read,ULDL
3/21/2022 12:06,REGIONAL 2,CPS,BOGOR,WA Read,ULDL
3/21/2022 12:06,REGIONAL 2,CPS,BOGOR,WA Read,ULDL
3/21/2022 12:06,REGIONAL 2,CRI,BOGOR,WA Read,ULDL
3/21/2022 12:06,REGIONAL 2,CSE,BOGOR,WA Read,ULDL
3/21/2022 12:06,REGIONAL 2,CSE,BOGOR,WA Read,ULDL
3/21/2022 12:06,REGIONAL 2,CSL,BOGOR,WA Read,ULDL
3/21/2022 12:06,REGIONAL 2,CSL,BOGOR,WA Read,ULDL
3/21/2022 12:06,REGIONAL 2,CSL,BOGOR,WA Read,ULDL
3/21/2022 12:06,REGIONAL 2,CSL,BOGOR,WA Read,ULDL
3/21/2022 12:06,REGIONAL 2,CSR,BOGOR,WA Read,ULDL
3/21/2022 12:06,REGIONAL 2,CTR,BOGOR,WA Read,ULDL
3/21/2022 12:06,REGIONAL 2,CTR,BOGOR,WA Read,ULDL
3/21/2022 12:06,REGIONAL 2,DEP,BOGOR,WA Read,ULDL
3/21/2022 12:06,REGIONAL 2,DEP,BOGOR,WA Read,ULDL
3/21/2022 12:06,REGIONAL 2,DEP,BOGOR,WA Read,ULDL
3/21/2022 12:06,REGIONAL 2,DEP,BOGOR,WA Read,ULDL
3/21/2022 12:06,REGIONAL 2,DEP,BOGOR,WA Read,ULDL
3/21/2022 12:06,REGIONAL 2,TGR,SERANG,WA Read,ULDL
3/21/2022 12:06,REGIONAL 2,TGR,SERANG,WA Read,ULDL
3/21/2022 12:06,REGIONAL 2,TGR,SERANG,WA Read,ULDL
3/21/2022 12:06,REGIONAL 2,PKY,BEKASI,WA Read,ULDL
3/21/2022 12:06,REGIONAL 2,SMI,JAKBAR,WA Read,ULDL
3/21/2022 12:06,REGIONAL 3,PGD,KARAWANG,WA Read,ULDL
3/21/2022 12:06,REGIONAL 3,SUB,KARAWANG,WA Read,ULDL
3/21/2022 12:06,REGIONAL 3,SKB,SUKABUMI,WA Read,ULDL
3/21/2022 12:06,REGIONAL 4,RBN,KUDUS,WA Read,ULDL
3/21/2022 12:06,REGIONAL 2,CIK,BEKASI,WA Submitted,ULDL
3/21/2022 12:06,REGIONAL 2,PDE,BEKASI,WA Submitted,ULDL
3/21/2022 12:06,REGIONAL 2,PKY,BEKASI,WA Submitted,ULDL
3/21/2022 12:06,REGIONAL 2,CSL,BOGOR,WA Submitted,ULDL
3/21/2022 12:06,REGIONAL 2,GBC,JAKPUS,WA Submitted,ULDL
3/21/2022 12:06,REGIONAL 2,BIN,JAKSEL,WA Submitted,ULDL
3/21/2022 12:06,REGIONAL 6,SER,BANJARMASIN,WA Read,ULDL
3/21/2022 12:06,REGIONAL 6,PTK,PONTIANAK,WA Read,ULDL
3/21/2022 12:06,REGIONAL 6,LOB,SAMARINDA,WA Read,ULDL
3/21/2022 12:06,REGIONAL 6,STT,SAMARINDA,WA Read,ULDL
3/21/2022 12:06,REGIONAL 6,TBY,TARAKAN,WA Read,ULDL
3/21/2022 16:06,REGIONAL 2,CIB,BEKASI,WA Failed,ULDL
3/21/2022 16:06,REGIONAL 2,CIB,BEKASI,WA Failed,ULDL
3/21/2022 16:06,REGIONAL 2,TAR,BEKASI,WA Failed,ULDL
3/21/2022 16:06,REGIONAL 2,SLP,JAKBAR,WA Failed,ULDL
3/21/2022 16:06,REGIONAL 2,SLP,JAKBAR,WA Failed,ULDL
3/21/2022 16:06,REGIONAL 2,TGA,JAKBAR,WA Failed,ULDL
3/21/2022 16:06,REGIONAL 2,TGA,JAKBAR,WA Failed,ULDL
3/21/2022 16:06,REGIONAL 2,KBY,JAKSEL,WA Failed,ULDL
3/21/2022 16:06,REGIONAL 2,CLG,SERANG,WA Failed,ULDL
3/21/2022 16:06,REGIONAL 2,RKS,SERANG,WA Failed,ULDL
3/21/2022 16:06,REGIONAL 2,CPP,JAKPUS,WA Failed,ULDL
3/21/2022 16:06,REGIONAL 2,CPP,JAKPUS,WA Failed,ULDL
3/21/2022 16:06,REGIONAL 6,BRU,BALIKPAPAN,WA Failed,ULDL
3/21/2022 16:06,REGIONAL 6,BRU,BALIKPAPAN,WA Failed,ULDL
3/21/2022 16:06,REGIONAL 6,MJW,BALIKPAPAN,WA Failed,ULDL
3/21/2022 16:06,REGIONAL 6,PLK,PALANGKARAYA,WA Failed,ULDL
3/21/2022 16:06,REGIONAL 6,PLK,PALANGKARAYA,WA Failed,ULDL
3/21/2022 16:06,REGIONAL 6,NGG,PONTIANAK,WA Failed,ULDL
3/21/2022 16:06,REGIONAL 6,SRD,PONTIANAK,WA Failed,ULDL
3/21/2022 16:06,REGIONAL 6,TBA,PONTIANAK,WA Failed,ULDL
3/21/2022 16:06,REGIONAL 6,NNK,TARAKAN,WA Failed,ULDL
3/21/2022 16:06,REGIONAL 6,TRD,TARAKAN,WA Failed,ULDL
3/21/2022 16:06,REGIONAL 6,TRD,TARAKAN,WA Failed,ULDL
3/21/2022 16:06,REGIONAL 6,TRD,TARAKAN,WA Failed,ULDL
3/21/2022 16:06,REGIONAL 6,TRD,TARAKAN,WA Failed,ULDL
3/21/2022 16:06,REGIONAL 1,BKJ,ACEH,WA Delivered,ULDL
3/21/2022 16:06,REGIONAL 1,DAR,ACEH,WA Delivered,ULDL
3/21/2022 16:06,REGIONAL 1,LGS,ACEH,WA Delivered,ULDL
3/21/2022 16:06,REGIONAL 1,MBO,ACEH,WA Delivered,ULDL
3/21/2022 16:06,REGIONAL 1,BNC,BENGKULU,WA Delivered,ULDL
3/21/2022 16:06,REGIONAL 1,BNC,BENGKULU,WA Delivered,ULDL
3/21/2022 16:06,REGIONAL 1,BNC,BENGKULU,WA Delivered,ULDL
3/21/2022 16:06,REGIONAL 1,KPH,BENGKULU,WA Delivered,ULDL
3/21/2022 16:06,REGIONAL 1,MKO,BENGKULU,WA Delivered,ULDL
3/21/2022 16:06,REGIONAL 1,MUA,BENGKULU,WA Delivered,ULDL
3/21/2022 16:06,REGIONAL 1,BKO,JAMBI,WA Delivered,ULDL
3/21/2022 16:06,REGIONAL 1,JMB,JAMBI,WA Delivered,ULDL
3/21/2022 16:06,REGIONAL 1,JMB,JAMBI,WA Delivered,ULDL
3/21/2022 16:06,REGIONAL 1,JMB,JAMBI,WA Delivered,ULDL
3/21/2022 16:06,REGIONAL 1,JMB,JAMBI,WA Delivered,ULDL
3/21/2022 16:06,REGIONAL 1,JMB,JAMBI,WA Delivered,ULDL
3/21/2022 16:06,REGIONAL 1,JMI,JAMBI,WA Delivered,ULDL
3/21/2022 16:06,REGIONAL 1,KOA,JAMBI,WA Delivered,ULDL
3/21/2022 16:06,REGIONAL 1,KTL,JAMBI,WA Delivered,ULDL
3/21/2022 16:06,REGIONAL 1,KDT,LAMPUNG,WA Delivered,ULDL
3/21/2022 16:06,REGIONAL 1,CTD,MEDAN,WA Delivered,ULDL
3/21/2022 16:06,REGIONAL 1,LBP,MEDAN,WA Delivered,ULDL
3/21/2022 16:06,REGIONAL 1,MCD,MEDAN,WA Delivered,ULDL
3/21/2022 16:06,REGIONAL 1,MDC,MEDAN,WA Delivered,ULDL
3/21/2022 16:06,REGIONAL 1,SPM,MEDAN,WA Delivered,ULDL
3/21/2022 16:06,REGIONAL 1,SPM,MEDAN,WA Delivered,ULDL
3/21/2022 16:06,REGIONAL 1,TJM,MEDAN,WA Delivered,ULDL
3/21/2022 16:06,REGIONAL 1,TJM,MEDAN,WA Delivered,ULDL
3/21/2022 16:06,REGIONAL 1,KBO,PKPINANG,WA Delivered,ULDL
3/21/2022 16:06,REGIONAL 1,MGR,PKPINANG,WA Delivered,ULDL
3/21/2022 16:06,REGIONAL 1,MTK,PKPINANG,WA Delivered,ULDL
3/21/2022 16:06,REGIONAL 1,PGP,PKPINANG,WA Delivered,ULDL
3/21/2022 16:06,REGIONAL 1,PGP,PKPINANG,WA Delivered,ULDL
3/21/2022 16:06,REGIONAL 1,PGP,PKPINANG,WA Delivered,ULDL
3/21/2022 16:06,REGIONAL 1,PBB,RIDAR,WA Delivered,ULDL
3/21/2022 16:06,REGIONAL 1,TBH,RIDAR,WA Delivered,ULDL
3/21/2022 16:06,REGIONAL 1,BTC,RIKEP,WA Delivered,ULDL
3/21/2022 16:06,REGIONAL 1,BTC,RIKEP,WA Delivered,ULDL
3/21/2022 16:06,REGIONAL 1,BTC,RIKEP,WA Delivered,ULDL
3/21/2022 16:06,REGIONAL 1,BTC,RIKEP,WA Delivered,ULDL
3/21/2022 16:06,REGIONAL 1,JMB,JAMBI,WA Delivered,ULDL
3/21/2022 16:06,REGIONAL 1,JMB,JAMBI,WA Delivered,ULDL
3/21/2022 16:06,REGIONAL 1,SPN,JAMBI,WA Delivered,ULDL
3/21/2022 16:06,REGIONAL 1,MDC,MEDAN,WA Delivered,ULDL
3/21/2022 16:06,REGIONAL 1,RGT,RIDAR,WA Delivered,ULDL
3/21/2022 16:06,REGIONAL 1,LBP,MEDAN,WA Delivered,ULDL
3/21/2022 16:06,REGIONAL 2,DEP,BOGOR,WA Delivered,ULDL
3/21/2022 16:06,REGIONAL 2,CPP,JAKPUS,WA Delivered,ULDL
3/21/2022 16:06,REGIONAL 2,KPK,JAKBAR,WA Delivered,ULDL
3/21/2022 16:06,REGIONAL 2,BEK,BEKASI,WA Delivered,ULDL
3/21/2022 16:06,REGIONAL 2,BGG,BEKASI,WA Delivered,ULDL
3/21/2022 16:06,REGIONAL 2,BGG,BEKASI,WA Delivered,ULDL
3/21/2022 16:06,REGIONAL 2,BGG,BEKASI,WA Delivered,ULDL
3/25/2022 10:32,REGIONAL 2,CPA,TANGERANG,WA Read,HSSP_ULDL
4/1/2022 22:33,REGIONAL 5,DLA,SIDOARJO,WA Delivered,HSSP_ULDL
4/1/2022 22:33,REGIONAL 5,TNZ,MADIUN,WA Read,HSSP_ULDL
4/1/2022 22:33,REGIONAL 2,KTX,JAKUT,WA Delivered,HSSP_ULDL
4/1/2022 22:33,REGIONAL 1,SYA,RIKEP,WA Read,HSSP_ULDL
4/1/2022 22:33,REGIONAL 5,MRT,SIDOARJO,WA Read,HSSP_ULDL
4/1/2022 22:34,REGIONAL 2,SPL,BOGOR,WA Read,HSSP_ULDL
4/1/2022 22:34,REGIONAL 5,SMJ,MADIUN,WA Read,HSSP_ULDL
4/1/2022 22:34,REGIONAL 5,WRU,SBY SELATAN,WA Rejected,HSSP_ULDL
4/1/2022 22:34,REGIONAL 1,LTM,ACEH,WA Submitted,HSSP_ULDL
4/1/2022 22:34,REGIONAL 2,PSM,JAKSEL,WA Read,HSSP_ULDL
4/1/2022 22:34,REGIONAL 5,GLM,JEMBER,WA Read,HSSP_ULDL
4/1/2022 22:34,REGIONAL 5,KTS,KEDIRI,WA Read,HSSP_ULDL
4/1/2022 22:34,REGIONAL 5,LDY,KEDIRI,WA Read,HSSP_ULDL
4/1/2022 22:34,REGIONAL 5,PRY,MATARAM,WA Read,HSSP_ULDL
4/1/2022 22:34,REGIONAL 7,GTL,GORONTALO,WA Read,HSSP_ULDL
4/1/2022 22:34,REGIONAL 7,MLL,PAREPARE,WA Read,HSSP_ULDL
4/1/2022 22:34,REGIONAL 5,TUL,KEDIRI,WA Rejected,HSSP_ULDL
4/1/2022 22:34,REGIONAL 4,BMK,SEMARANG,WA Submitted,HSSP_ULDL
4/1/2022 22:34,REGIONAL 2,KAL,JAKSEL,WA Read,HSSP_ULDL
4/1/2022 22:34,REGIONAL 2,CUG,TANGERANG,WA Read,HSSP_ULDL
4/1/2022 22:34,REGIONAL 2,KAL,JAKSEL,WA Rejected,HSSP_ULDL
4/1/2022 22:34,REGIONAL 1,SDK,SIANTAR,WA Submitted,HSSP_ULDL
4/1/2022 22:34,REGIONAL 1,PRA,SIANTAR,WA Delivered,HSSP_ULDL
4/1/2022 22:34,REGIONAL 6,LOB,SAMARINDA,WA Delivered,HSSP_ULDL
4/1/2022 22:34,REGIONAL 2,RJG,TANGERANG,WA Read,HSSP_ULDL
4/1/2022 22:34,REGIONAL 5,MCR,JEMBER,WA Read,HSSP_ULDL
4/1/2022 22:34,REGIONAL 5,MJT,KEDIRI,WA Rejected,HSSP_ULDL
4/1/2022 22:34,REGIONAL 2,PAR,BOGOR,WA Delivered,HSSP_ULDL
4/1/2022 22:34,REGIONAL 2,STR,JAKUT,WA Delivered,HSSP_ULDL
4/1/2022 22:34,REGIONAL 1,ALH,PADANG,WA Read,HSSP_ULDL
4/1/2022 22:34,REGIONAL 1,SDK,SIANTAR,WA Read,HSSP_ULDL
4/1/2022 22:34,REGIONAL 2,PAG,BOGOR,WA Read,HSSP_ULDL
4/1/2022 22:34,REGIONAL 2,KPK,JAKBAR,WA Read,HSSP_ULDL
4/1/2022 22:34,REGIONAL 5,PON,MADIUN,WA Read,HSSP_ULDL
4/1/2022 22:34,REGIONAL 1,SDK,SIANTAR,WA Rejected,HSSP_ULDL
4/1/2022 22:34,REGIONAL 2,JBB,BEKASI,WA Submitted,HSSP_ULDL
4/1/2022 22:34,REGIONAL 2,CBB,JAKTIM,WA Submitted,HSSP_ULDL
4/1/2022 22:34,REGIONAL 1,PND,SIANTAR,WA Delivered,HSSP_ULDL
4/1/2022 22:34,REGIONAL 1,LTM,ACEH,WA Read,HSSP_ULDL
4/1/2022 22:34,REGIONAL 1,KOA,JAMBI,WA Read,HSSP_ULDL
4/1/2022 22:34,REGIONAL 7,WAE,JAYAPURA,WA Read,HSSP_ULDL
4/1/2022 22:34,REGIONAL 1,LSM,ACEH,WA Rejected,HSSP_ULDL
4/1/2022 22:34,REGIONAL 2,CWA,JAKTIM,WA Rejected,HSSP_ULDL
4/1/2022 22:34,REGIONAL 5,NJK,KEDIRI,WA Delivered,HSSP_ULDL
4/1/2022 22:34,REGIONAL 2,CSN,BOGOR,WA Read,HSSP_ULDL
4/1/2022 22:34,REGIONAL 2,LGK,TANGERANG,WA Read,HSSP_ULDL
4/1/2022 22:34,REGIONAL 5,ABL,JEMBER,WA Read,HSSP_ULDL
4/1/2022 22:34,REGIONAL 5,PRY,MATARAM,WA Read,HSSP_ULDL
4/1/2022 22:34,REGIONAL 7,MAT,MAKASAR,WA Read,HSSP_ULDL
4/1/2022 22:34,REGIONAL 5,SDN,SIDOARJO,WA Rejected,HSSP_ULDL
4/1/2022 22:34,REGIONAL 2,CWI,BOGOR,WA Read,HSSP_ULDL
4/1/2022 22:34,REGIONAL 7,SON,SORONG,WA Rejected,HSSP_ULDL
4/1/2022 22:35,REGIONAL 5,GUR,KEDIRI,WA Delivered,HSSP_ULDL
4/1/2022 22:35,REGIONAL 6,PTK,PONTIANAK,WA Delivered,HSSP_ULDL
4/1/2022 22:35,REGIONAL 2,CWA,JAKTIM,WA Read,HSSP_ULDL
4/1/2022 22:35,REGIONAL 5,DMP,MATARAM,WA Read,HSSP_ULDL
4/1/2022 22:35,REGIONAL 6,BRI,BANJARMASIN,WA Read,HSSP_ULDL
4/1/2022 22:35,REGIONAL 1,BTA,PALEMBNG,WA Rejected,HSSP_ULDL
4/1/2022 22:35,REGIONAL 2,PDM,JAKUT,WA Rejected,HSSP_ULDL
4/1/2022 22:35,REGIONAL 2,PDG,SERANG,WA Rejected,HSSP_ULDL
4/1/2022 22:35,REGIONAL 5,GIN,SINGARJA,WA Rejected,HSSP_ULDL
4/1/2022 22:35,REGIONAL 3,GGK,BANDUNG,WA Failed,HSSP_ULDL
4/1/2022 22:35,REGIONAL 2,CPE,JAKSEL,WA Delivered,HSSP_ULDL
4/1/2022 22:35,REGIONAL 4,MGE,MAGELANG,WA Read,HSSP_ULDL
4/1/2022 22:35,REGIONAL 4,KDL,SEMARANG,WA Read,HSSP_ULDL
4/1/2022 22:35,REGIONAL 5,BLB,MALANG,WA Read,HSSP_ULDL
4/1/2022 22:35,REGIONAL 7,TNT,MENADO,WA Read,HSSP_ULDL
4/1/2022 22:35,REGIONAL 2,PMU,BOGOR,WA Rejected,HSSP_ULDL
4/1/2022 22:35,REGIONAL 5,GEN,JEMBER,WA Rejected,HSSP_ULDL
4/1/2022 22:35,REGIONAL 5,UBU,SINGARJA,WA Read,HSSP_ULDL
4/1/2022 22:35,REGIONAL 3,PWK,KARAWANG,WA Delivered,HSSP_ULDL
4/1/2022 22:35,REGIONAL 1,TTN,ACEH,WA Read,HSSP_ULDL
4/1/2022 22:35,REGIONAL 5,BAA,KUPANG,WA Read,HSSP_ULDL
4/1/2022 22:35,REGIONAL 1,KSG,ACEH,WA Submitted,HSSP_ULDL
4/1/2022 22:35,REGIONAL 1,SPN,JAMBI,WA Submitted,HSSP_ULDL
4/1/2022 22:35,REGIONAL 5,TUR,MALANG,WA Rejected,HSSP_ULDL
4/1/2022 22:36,REGIONAL 1,BNC,BENGKULU,WA Read,HSSP_ULDL
4/1/2022 22:36,REGIONAL 1,SBG,SIANTAR,WA Read,HSSP_ULDL
4/1/2022 22:36,REGIONAL 5,PON,MADIUN,WA Read,HSSP_ULDL
4/1/2022 22:36,REGIONAL 1,LGS,ACEH,WA Rejected,HSSP_ULDL
4/1/2022 22:36,REGIONAL 3,PAX,TASIKMALAYA,WA Read,ULDL
4/1/2022 22:36,REGIONAL 1,KTN,ACEH,WA Delivered,HSSP_ULDL
4/1/2022 22:36,REGIONAL 1,BNA,ACEH,WA Read,HSSP_ULDL
4/1/2022 22:36,REGIONAL 1,DAR,ACEH,WA Read,HSSP_ULDL
4/1/2022 22:36,REGIONAL 1,TTN,ACEH,WA Read,HSSP_ULDL
4/1/2022 22:36,REGIONAL 1,JMB,JAMBI,WA Read,HSSP_ULDL
4/1/2022 22:36,REGIONAL 1,PYK,PADANG,WA Read,HSSP_ULDL
4/1/2022 22:36,REGIONAL 1,SDK,SIANTAR,WA Read,HSSP_ULDL
4/1/2022 22:36,REGIONAL 1,MDC,MEDAN,WA Rejected,HSSP_ULDL
4/1/2022 22:36,REGIONAL 1,PRR,SIANTAR,WA Submitted,HSSP_ULDL
4/1/2022 22:36,REGIONAL 1,BKT,PADANG,WA Delivered,HSSP_ULDL
4/1/2022 22:36,REGIONAL 2,PKY,BEKASI,WA Delivered,HSSP_ULDL
4/1/2022 22:36,REGIONAL 3,CBN,CIREBON,WA Delivered,HSSP_ULDL
4/1/2022 22:36,REGIONAL 1,MBO,ACEH,WA Read,HSSP_ULDL
4/1/2022 22:36,REGIONAL 1,BNC,BENGKULU,WA Read,HSSP_ULDL
4/1/2022 22:36,REGIONAL 1,JMB,JAMBI,WA Read,HSSP_ULDL
4/1/2022 22:36,REGIONAL 2,TBE,JAKSEL,WA Read,HSSP_ULDL
4/1/2022 22:36,REGIONAL 1,CRP,BENGKULU,WA Rejected,HSSP_ULDL
4/1/2022 22:36,REGIONAL 1,MND,JAMBI,WA Rejected,HSSP_ULDL
4/1/2022 22:36,REGIONAL 1,BJI,MEDAN,WA Rejected,HSSP_ULDL
4/1/2022 22:36,REGIONAL 1,TLK,PALEMBNG,WA Rejected,HSSP_ULDL
4/1/2022 22:36,REGIONAL 1,PBB,RIDAR,WA Rejected,HSSP_ULDL
4/1/2022 22:36,REGIONAL 1,PBB,RIDAR,WA Rejected,HSSP_ULDL
4/1/2022 22:36,REGIONAL 4,KBU,YOGYAKARTA,WA Rejected,HSSP_ULDL
4/1/2022 22:36,REGIONAL 5,MTR,MATARAM,WA Rejected,HSSP_ULDL
4/1/2022 22:36,REGIONAL 1,BNA,ACEH,WA Submitted,HSSP_ULDL
4/1/2022 22:36,REGIONAL 1,CTD,MEDAN,WA Delivered,HSSP_ULDL
4/1/2022 22:36,REGIONAL 2,KLB,BEKASI,WA Delivered,HSSP_ULDL
4/1/2022 22:36,REGIONAL 1,SNA,ACEH,WA Read,HSSP_ULDL
4/1/2022 22:36,REGIONAL 1,TKN,ACEH,WA Read,HSSP_ULDL
4/1/2022 22:36,REGIONAL 1,MND,JAMBI,WA Read,HSSP_ULDL
4/1/2022 22:36,REGIONAL 1,CTD,MEDAN,WA Read,HSSP_ULDL
4/1/2022 22:36,REGIONAL 1,BSO,PADANG,WA Read,HSSP_ULDL
4/1/2022 22:36,REGIONAL 1,PDC,PADANG,WA Read,HSSP_ULDL
4/1/2022 22:36,REGIONAL 3,SKB,SUKABUMI,WA Read,HSSP_ULDL
4/1/2022 22:36,REGIONAL 7,LWU,PALU,WA Read,HSSP_ULDL
4/1/2022 22:36,REGIONAL 1,BNA,ACEH,WA Rejected,HSSP_ULDL
4/1/2022 22:36,REGIONAL 1,KPH,BENGKULU,WA Rejected,HSSP_ULDL
4/1/2022 22:36,REGIONAL 1,PRW,LAMPUNG,WA Rejected,HSSP_ULDL
4/1/2022 22:36,REGIONAL 1,DUM,RIDAR,WA Rejected,HSSP_ULDL
4/1/2022 22:36,REGIONAL 2,BEK,BEKASI,WA Rejected,HSSP_ULDL
4/1/2022 22:36,REGIONAL 2,GDS,TANGERANG,WA Rejected,HSSP_ULDL
4/1/2022 22:36,REGIONAL 4,JWN,KUDUS,WA Rejected,HSSP_ULDL
4/1/2022 22:36,REGIONAL 4,PRN,MAGELANG,WA Delivered,HSSP_ULDL
4/1/2022 22:36,REGIONAL 1,LGS,ACEH,WA Read,HSSP_ULDL
4/1/2022 22:36,REGIONAL 1,SIP,SIANTAR,WA Read,HSSP_ULDL
4/1/2022 22:36,REGIONAL 1,PDW,BENGKULU,WA Rejected,HSSP_ULDL
4/1/2022 22:36,REGIONAL 1,PDJ,PADANG,WA Rejected,HSSP_ULDL
4/1/2022 22:36,REGIONAL 1,MND,JAMBI,WA Read,HSSP_ULDL
4/1/2022 22:36,REGIONAL 1,BJI,MEDAN,WA Read,HSSP_ULDL
4/1/2022 22:36,REGIONAL 1,BJI,MEDAN,WA Read,HSSP_ULDL
4/1/2022 22:36,REGIONAL 3,KRM,CIREBON,WA Read,HSSP_ULDL
4/1/2022 22:36,REGIONAL 5,PUG,JEMBER,WA Read,HSSP_ULDL
4/1/2022 22:36,REGIONAL 1,PDW,BENGKULU,WA Rejected,HSSP_ULDL
4/1/2022 22:36,REGIONAL 1,LIW,LAMPUNG,WA Rejected,HSSP_ULDL
4/1/2022 22:36,REGIONAL 2,LBU,SERANG,WA Rejected,HSSP_ULDL
4/1/2022 22:36,REGIONAL 1,BJI,MEDAN,WA Submitted,HSSP_ULDL
4/1/2022 22:36,REGIONAL 1,PYK,PADANG,WA Submitted,HSSP_ULDL
4/1/2022 22:36,REGIONAL 4,PRN,MAGELANG,WA Submitted,HSSP_ULDL
4/1/2022 22:36,REGIONAL 1,DAR,ACEH,WA Delivered,HSSP_ULDL
4/1/2022 22:36,REGIONAL 1,TTN,ACEH,WA Delivered,HSSP_ULDL
4/1/2022 22:36,REGIONAL 1,BKO,JAMBI,WA Delivered,HSSP_ULDL
4/1/2022 22:36,REGIONAL 1,BKT,PADANG,WA Delivered,HSSP_ULDL
4/1/2022 22:36,REGIONAL 1,PMS,SIANTAR,WA Delivered,HSSP_ULDL
4/1/2022 22:36,REGIONAL 5,JER,JEMBER,WA Delivered,HSSP_ULDL
4/1/2022 22:36,REGIONAL 1,JMB,JAMBI,WA Read,HSSP_ULDL
4/1/2022 22:36,REGIONAL 1,MBN,JAMBI,WA Read,HSSP_ULDL
4/1/2022 22:36,REGIONAL 1,SLU,RIKEP,WA Read,HSSP_ULDL
4/1/2022 22:36,REGIONAL 3,MJL,CIREBON,WA Read,HSSP_ULDL
4/1/2022 22:36,REGIONAL 4,KLP,PURWOKERTO,WA Read,HSSP_ULDL
4/1/2022 22:36,REGIONAL 5,KLM,DENPASAR,WA Read,HSSP_ULDL
4/1/2022 22:36,REGIONAL 1,BNA,ACEH,WA Rejected,HSSP_ULDL
4/1/2022 22:36,REGIONAL 1,KDT,LAMPUNG,WA Rejected,HSSP_ULDL
4/1/2022 22:36,REGIONAL 1,LAM,LAMPUNG,WA Rejected,HSSP_ULDL
4/1/2022 22:36,REGIONAL 1,TKB,LAMPUNG,WA Rejected,HSSP_ULDL
4/1/2022 22:36,REGIONAL 1,BJI,MEDAN,WA Rejected,HSSP_ULDL
4/1/2022 22:36,REGIONAL 1,KNL,PADANG,WA Rejected,HSSP_ULDL
4/1/2022 22:36,REGIONAL 5,WSO,JEMBER,WA Rejected,HSSP_ULDL
4/1/2022 22:36,REGIONAL 7,TMR,JAYAPURA,WA Rejected,HSSP_ULDL
4/1/2022 22:36,REGIONAL 1,JMB,JAMBI,WA Submitted,HSSP_ULDL
4/1/2022 22:36,REGIONAL 1,HRU,PADANG,WA Submitted,HSSP_ULDL
4/1/2022 22:36,REGIONAL 1,TAM,PALEMBNG,WA Submitted,HSSP_ULDL
4/1/2022 22:36,REGIONAL 1,RAP,SIANTAR,WA Submitted,ULDL
4/1/2022 22:36,REGIONAL 2,SUE,BEKASI,WA Rejected,HSSP_ULDL
4/1/2022 22:36,REGIONAL 1,PYK,PADANG,WA Submitted,HSSP_ULDL
4/1/2022 22:36,REGIONAL 1,TJK,LAMPUNG,WA Read,HSSP_ULDL
4/1/2022 22:36,REGIONAL 3,BJA,BANDUNG BARAT,WA Read,HSSP_ULDL
4/1/2022 22:36,REGIONAL 1,JMB,JAMBI,WA Delivered,HSSP_ULDL
4/1/2022 22:36,REGIONAL 1,BPD,ACEH,WA Read,HSSP_ULDL
4/1/2022 22:36,REGIONAL 1,LTM,ACEH,WA Read,HSSP_ULDL
4/1/2022 22:36,REGIONAL 1,JMB,JAMBI,WA Read,HSSP_ULDL
4/1/2022 22:36,REGIONAL 1,PBD,MEDAN,WA Read,HSSP_ULDL
4/1/2022 22:36,REGIONAL 1,SKI,MEDAN,WA Read,HSSP_ULDL
4/1/2022 22:36,REGIONAL 1,KJI,PADANG,WA Read,HSSP_ULDL
4/1/2022 22:36,REGIONAL 1,BLG,SIANTAR,WA Read,HSSP_ULDL
4/1/2022 22:36,REGIONAL 1,PND,SIANTAR,WA Read,HSSP_ULDL
4/1/2022 22:36,REGIONAL 2,CWA,JAKTIM,WA Read,HSSP_ULDL
4/1/2022 22:36,REGIONAL 1,LGS,ACEH,WA Rejected,HSSP_ULDL
4/1/2022 22:36,REGIONAL 1,LBP,MEDAN,WA Rejected,HSSP_ULDL
4/1/2022 22:36,REGIONAL 1,PER,MEDAN,WA Rejected,HSSP_ULDL
4/1/2022 22:36,REGIONAL 2,BGG,BEKASI,WA Rejected,HSSP_ULDL
4/1/2022 22:36,REGIONAL 5,DMP,MATARAM,WA Rejected,HSSP_ULDL
4/1/2022 22:36,REGIONAL 5,SEL,MATARAM,WA Rejected,HSSP_ULDL
4/1/2022 22:36,REGIONAL 1,MNA,BENGKULU,WA Submitted,HSSP_ULDL
4/1/2022 22:36,REGIONAL 1,PDC,PADANG,WA Submitted,HSSP_ULDL
4/1/2022 22:36,REGIONAL 1,SPM,MEDAN,WA Read,HSSP_ULDL
4/1/2022 22:36,REGIONAL 1,TJM,MEDAN,WA Read,HSSP_ULDL
4/1/2022 22:36,REGIONAL 1,TMU,MEDAN,WA Read,HSSP_ULDL
4/1/2022 22:36,REGIONAL 1,TTG,MEDAN,WA Read,HSSP_ULDL
4/1/2022 22:36,REGIONAL 1,RGT,RIDAR,WA Read,HSSP_ULDL
4/1/2022 22:36,REGIONAL 1,BTC,RIKEP,WA Read,HSSP_ULDL
4/1/2022 22:36,REGIONAL 2,JBB,BEKASI,WA Read,HSSP_ULDL
4/1/2022 22:36,REGIONAL 2,GAN,JAKTIM,WA Read,HSSP_ULDL
4/1/2022 22:36,REGIONAL 1,TJK,LAMPUNG,WA Rejected,HSSP_ULDL
4/1/2022 22:36,REGIONAL 1,SPM,MEDAN,WA Rejected,HSSP_ULDL
4/1/2022 22:36,REGIONAL 1,TJR,MEDAN,WA Rejected,HSSP_ULDL
4/1/2022 22:36,REGIONAL 3,CJA,BANDUNG,WA Rejected,HSSP_ULDL
4/1/2022 22:36,REGIONAL 3,HGM,BANDUNG,WA Rejected,HSSP_ULDL
4/1/2022 22:36,REGIONAL 3,KLU,SUKABUMI,WA Rejected,HSSP_ULDL
4/1/2022 22:36,REGIONAL 5,KDI,KEDIRI,WA Rejected,HSSP_ULDL
4/1/2022 22:36,REGIONAL 1,SPM,MEDAN,WA Delivered,HSSP_ULDL
4/1/2022 22:36,REGIONAL 6,KYG,BANJARMASIN,WA Delivered,HSSP_ULDL
4/1/2022 22:36,REGIONAL 1,MBO,ACEH,WA Read,HSSP_ULDL
4/1/2022 22:36,REGIONAL 1,BNC,BENGKULU,WA Read,HSSP_ULDL
4/1/2022 22:36,REGIONAL 1,BNC,BENGKULU,WA Read,HSSP_ULDL
4/1/2022 22:36,REGIONAL 1,JMB,JAMBI,WA Read,HSSP_ULDL
4/1/2022 22:36,REGIONAL 1,JMB,JAMBI,WA Read,HSSP_ULDL
4/1/2022 22:36,REGIONAL 1,JMI,JAMBI,WA Read,HSSP_ULDL
4/1/2022 22:36,REGIONAL 1,SRJ,JAMBI,WA Read,HSSP_ULDL
4/1/2022 22:36,REGIONAL 1,BJI,MEDAN,WA Read,HSSP_ULDL
4/1/2022 22:36,REGIONAL 1,TTG,MEDAN,WA Read,HSSP_ULDL
4/1/2022 22:36,REGIONAL 1,KJI,PADANG,WA Read,HSSP_ULDL
4/1/2022 22:36,REGIONAL 4,KBU,YOGYAKARTA,WA Read,HSSP_ULDL
4/1/2022 22:36,REGIONAL 5,MRT,SIDOARJO,WA Read,HSSP_ULDL
4/1/2022 22:36,REGIONAL 1,BNC,BENGKULU,WA Rejected,HSSP_ULDL
4/1/2022 22:36,REGIONAL 1,PDB,MEDAN,WA Rejected,HSSP_ULDL
4/1/2022 22:36,REGIONAL 1,PDB,MEDAN,WA Read,HSSP_ULDL
4/1/2022 22:36,REGIONAL 2,CRS,SERANG,WA Delivered,HSSP_ULDL
4/1/2022 22:36,REGIONAL 1,LGS,ACEH,WA Read,HSSP_ULDL
4/1/2022 22:36,REGIONAL 2,PLM,JAKBAR,WA Read,HSSP_ULDL
4/1/2022 22:36,REGIONAL 3,BJS,TASIKMALAYA,WA Read,HSSP_ULDL
4/1/2022 22:36,REGIONAL 6,MTP,BANJARMASIN,WA Read,HSSP_ULDL
4/1/2022 22:36,REGIONAL 1,TSE,ACEH,WA Rejected,HSSP_ULDL
4/1/2022 22:36,REGIONAL 1,SRJ,JAMBI,WA Submitted,HSSP_ULDL
4/1/2022 22:36,REGIONAL 3,KNG,CIREBON,WA Delivered,HSSP_ULDL
4/1/2022 22:36,REGIONAL 1,JMB,JAMBI,WA Read,HSSP_ULDL
4/1/2022 22:36,REGIONAL 5,PON,MADIUN,WA Rejected,HSSP_ULDL
4/1/2022 22:36,REGIONAL 1,SGB,PALEMBNG,WA Submitted,HSSP_ULDL
4/1/2022 22:36,REGIONAL 1,BDT,PADANG,WA Delivered,HSSP_ULDL
4/1/2022 22:36,REGIONAL 5,MLG,MALANG,WA Delivered,HSSP_ULDL
4/1/2022 22:36,REGIONAL 2,GAN,JAKTIM,WA Read,HSSP_ULDL
4/1/2022 22:36,REGIONAL 6,BBR,BANJARMASIN,WA Read,HSSP_ULDL
4/1/2022 22:36,REGIONAL 1,SCC,PADANG,WA Rejected,HSSP_ULDL
4/1/2022 22:36,REGIONAL 1,SBU,PALEMBNG,WA Rejected,HSSP_ULDL
4/1/2022 22:36,REGIONAL 1,SDK,SIANTAR,WA Rejected,HSSP_ULDL
4/1/2022 22:36,REGIONAL 5,PRY,MATARAM,WA Rejected,HSSP_ULDL
4/1/2022 22:36,REGIONAL 1,PKB,JAMBI,WA Delivered,HSSP_ULDL
4/1/2022 22:36,REGIONAL 1,SGI,ACEH,WA Read,HSSP_ULDL
4/1/2022 22:36,REGIONAL 1,JMB,JAMBI,WA Read,HSSP_ULDL
4/1/2022 22:36,REGIONAL 1,JMB,JAMBI,WA Read,HSSP_ULDL
4/1/2022 22:36,REGIONAL 1,BJI,MEDAN,WA Read,HSSP_ULDL
4/1/2022 22:36,REGIONAL 1,CTD,MEDAN,WA Read,HSSP_ULDL
4/1/2022 22:36,REGIONAL 1,TLB,PADANG,WA Read,HSSP_ULDL
4/1/2022 22:36,REGIONAL 1,ARK,RIDAR,WA Read,HSSP_ULDL
4/1/2022 22:36,REGIONAL 1,KIS,SIANTAR,WA Read,HSSP_ULDL
4/1/2022 22:36,REGIONAL 2,BEK,BEKASI,WA Read,HSSP_ULDL
4/1/2022 22:36,REGIONAL 3,SMD,BANDUNG,WA Read,HSSP_ULDL
4/1/2022 22:36,REGIONAL 4,GDO,KUDUS,WA Read,HSSP_ULDL
4/1/2022 22:36,REGIONAL 5,BEJ,SIDOARJO,WA Read,HSSP_ULDL
4/1/2022 22:36,REGIONAL 1,TJR,MEDAN,WA Rejected,HSSP_ULDL
4/1/2022 22:36,REGIONAL 2,PDE,BEKASI,WA Rejected,HSSP_ULDL
4/1/2022 22:36,REGIONAL 2,BIN,JAKSEL,WA Rejected,HSSP_ULDL
4/1/2022 22:36,REGIONAL 2,BLJ,SERANG,WA Rejected,HSSP_ULDL
4/1/2022 22:36,REGIONAL 2,BRS,SERANG,WA Rejected,HSSP_ULDL
4/1/2022 22:36,REGIONAL 3,CBN,CIREBON,WA Rejected,HSSP_ULDL
4/1/2022 22:36,REGIONAL 3,KNG,CIREBON,WA Rejected,HSSP_ULDL
4/1/2022 22:36,REGIONAL 1,JMB,JAMBI,WA Submitted,HSSP_ULDL
4/1/2022 22:36,REGIONAL 2,JBB,BEKASI,WA Submitted,HSSP_ULDL
4/1/2022 22:36,REGIONAL 1,KGH,ACEH,WA Delivered,HSSP_ULDL
4/1/2022 22:36,REGIONAL 1,LTM,ACEH,WA Read,HSSP_ULDL
4/1/2022 22:36,REGIONAL 1,SLG,ACEH,WA Read,HSSP_ULDL
4/1/2022 22:36,REGIONAL 1,JMB,JAMBI,WA Read,HSSP_ULDL
4/1/2022 22:36,REGIONAL 2,CBI,BOGOR,WA Read,HSSP_ULDL
4/1/2022 22:36,REGIONAL 5,LOG,MADIUN,WA Read,HSSP_ULDL
4/1/2022 22:36,REGIONAL 1,BKJ,ACEH,WA Rejected,HSSP_ULDL
4/1/2022 22:36,REGIONAL 1,PDW,BENGKULU,WA Rejected,HSSP_ULDL
4/1/2022 22:36,REGIONAL 1,PDW,BENGKULU,WA Rejected,HSSP_ULDL
4/1/2022 22:36,REGIONAL 1,DLT,MEDAN,WA Rejected,HSSP_ULDL
4/1/2022 22:36,REGIONAL 1,GNT,SIANTAR,WA Rejected,HSSP_ULDL
4/1/2022 22:36,REGIONAL 2,JAG,JAKSEL,WA Rejected,HSSP_ULDL
4/1/2022 22:36,REGIONAL 2,KAL,JAKSEL,WA Rejected,HSSP_ULDL
4/1/2022 22:36,REGIONAL 1,SLK,PADANG,WA Submitted,HSSP_ULDL
4/1/2022 22:37,REGIONAL 1,LGS,ACEH,WA Read,HSSP_ULDL
4/1/2022 22:37,REGIONAL 1,SBU,PALEMBNG,WA Delivered,HSSP_ULDL
4/1/2022 22:37,REGIONAL 2,KAL,JAKSEL,WA Rejected,HSSP_ULDL
4/1/2022 22:37,REGIONAL 1,TTJ,JAMBI,WA Rejected,HSSP_ULDL
4/1/2022 22:37,REGIONAL 1,BJI,MEDAN,WA Delivered,HSSP_ULDL
4/1/2022 22:37,REGIONAL 1,BKR,RIDAR,WA Delivered,HSSP_ULDL
4/1/2022 22:37,REGIONAL 1,TBK,RIKEP,WA Delivered,HSSP_ULDL
4/1/2022 22:37,REGIONAL 1,MNA,BENGKULU,WA Read,HSSP_ULDL
4/1/2022 22:37,REGIONAL 1,BTA,PALEMBNG,WA Read,HSSP_ULDL
4/1/2022 22:37,REGIONAL 2,JBB,BEKASI,WA Read,HSSP_ULDL
4/1/2022 22:37,REGIONAL 2,KLD,JAKTIM,WA Read,HSSP_ULDL
4/1/2022 22:37,REGIONAL 3,KNG,CIREBON,WA Read,HSSP_ULDL
4/1/2022 22:37,REGIONAL 4,GOD,YOGYAKARTA,WA Read,HSSP_ULDL
4/1/2022 22:37,REGIONAL 1,CTD,MEDAN,WA Rejected,HSSP_ULDL
4/1/2022 22:37,REGIONAL 1,KBJ,SIANTAR,WA Rejected,HSSP_ULDL
4/1/2022 22:37,REGIONAL 3,HAR,CIREBON,WA Rejected,HSSP_ULDL
4/1/2022 22:37,REGIONAL 1,LIM,PADANG,WA Submitted,HSSP_ULDL
4/1/2022 22:37,REGIONAL 6,KPL,BANJARMASIN,WA Delivered,HSSP_ULDL
4/1/2022 22:37,REGIONAL 2,PDK,JAKTIM,WA Read,HSSP_ULDL
4/1/2022 22:37,REGIONAL 5,BOW,JEMBER,WA Read,HSSP_ULDL
4/1/2022 22:37,REGIONAL 1,BJI,MEDAN,WA Rejected,HSSP_ULDL
4/1/2022 22:37,REGIONAL 1,LBP,MEDAN,WA Rejected,HSSP_ULDL
4/1/2022 22:37,REGIONAL 6,ULI,BANJARMASIN,WA Rejected,HSSP_ULDL
4/1/2022 22:37,REGIONAL 2,KBY,JAKSEL,WA Submitted,HSSP_ULDL
4/1/2022 22:37,REGIONAL 1,BIR,ACEH,WA Read,HSSP_ULDL
4/1/2022 22:37,REGIONAL 1,CTD,MEDAN,WA Read,HSSP_ULDL
4/1/2022 22:37,REGIONAL 2,SLP,JAKBAR,WA Read,HSSP_ULDL
4/1/2022 22:37,REGIONAL 2,MEN,SERANG,WA Read,HSSP_ULDL
4/1/2022 22:37,REGIONAL 2,CUG,TANGERANG,WA Read,HSSP_ULDL
4/1/2022 22:37,REGIONAL 3,RJW,BANDUNG BARAT,WA Read,HSSP_ULDL
4/1/2022 22:37,REGIONAL 3,SOR,BANDUNG BARAT,WA Read,HSSP_ULDL
4/1/2022 22:37,REGIONAL 2,CBB,JAKTIM,WA Delivered,HSSP_ULDL
4/1/2022 22:37,REGIONAL 2,GAN,JAKTIM,WA Delivered,HSSP_ULDL
4/1/2022 22:37,REGIONAL 2,GAN,JAKTIM,WA Read,HSSP_ULDL
4/1/2022 22:37,REGIONAL 2,KLD,JAKTIM,WA Read,HSSP_ULDL
4/1/2022 22:37,REGIONAL 2,KRG,JAKTIM,WA Read,HSSP_ULDL
4/1/2022 22:37,REGIONAL 5,BWG,JEMBER,WA Read,HSSP_ULDL
4/1/2022 22:37,REGIONAL 5,TBN,SINGARJA,WA Read,HSSP_ULDL
4/1/2022 22:37,REGIONAL 1,SDK,SIANTAR,WA Rejected,HSSP_ULDL
4/1/2022 22:37,REGIONAL 3,BDK,BANDUNG,WA Rejected,HSSP_ULDL
4/1/2022 22:37,REGIONAL 3,CMI,BANDUNG BARAT,WA Submitted,HSSP_ULDL
4/1/2022 22:37,REGIONAL 2,DMG,BOGOR,WA Delivered,HSSP_ULDL
4/1/2022 22:37,REGIONAL 2,JTN,JAKTIM,WA Read,HSSP_ULDL
4/1/2022 22:37,REGIONAL 3,GGK,BANDUNG,WA Read,HSSP_ULDL
4/1/2022 22:37,REGIONAL 4,GOD,YOGYAKARTA,WA Submitted,HSSP_ULDL
4/1/2022 22:37,REGIONAL 2,CIK,BEKASI,WA Delivered,HSSP_ULDL
4/1/2022 22:37,REGIONAL 2,EJI,BEKASI,WA Delivered,HSSP_ULDL
4/1/2022 22:37,REGIONAL 2,PDK,JAKTIM,WA Delivered,HSSP_ULDL
4/1/2022 22:37,REGIONAL 2,TAR,BEKASI,WA Read,HSSP_ULDL
4/1/2022 22:37,REGIONAL 2,KLD,JAKTIM,WA Read,HSSP_ULDL
4/1/2022 22:37,REGIONAL 5,BWG,JEMBER,WA Read,HSSP_ULDL
4/1/2022 22:37,REGIONAL 6,BRU,BALIKPAPAN,WA Read,HSSP_ULDL
4/1/2022 22:37,REGIONAL 6,KSO,PALANGKARAYA,WA Read,HSSP_ULDL
4/1/2022 22:37,REGIONAL 2,CPP,JAKPUS,WA Rejected,HSSP_ULDL
4/1/2022 22:37,REGIONAL 3,LBG,BANDUNG,WA Failed,HSSP_ULDL
4/1/2022 22:37,REGIONAL 2,KLD,JAKTIM,WA Delivered,HSSP_ULDL
4/1/2022 22:37,REGIONAL 2,RMG,JAKTIM,WA Read,HSSP_ULDL
4/1/2022 22:37,REGIONAL 3,BTJ,BANDUNG BARAT,WA Read,HSSP_ULDL
4/1/2022 22:37,REGIONAL 4,SLI,SEMARANG,WA Read,HSSP_ULDL
4/1/2022 22:37,REGIONAL 5,TOP,DENPASAR,WA Read,HSSP_ULDL
4/1/2022 22:37,REGIONAL 5,BWG,JEMBER,WA Read,HSSP_ULDL
4/1/2022 22:37,REGIONAL 5,SDD,SBY UTARA,WA Read,HSSP_ULDL
4/1/2022 22:37,REGIONAL 2,CBR,BEKASI,WA Rejected,HSSP_ULDL
4/1/2022 22:37,REGIONAL 2,SLP,JAKBAR,WA Rejected,HSSP_ULDL
4/1/2022 22:37,REGIONAL 2,CWA,JAKTIM,WA Rejected,HSSP_ULDL
4/1/2022 22:37,REGIONAL 2,PGG,JAKTIM,WA Rejected,HSSP_ULDL
4/1/2022 22:37,REGIONAL 2,CWA,JAKTIM,WA Delivered,HSSP_ULDL
4/1/2022 22:37,REGIONAL 2,KRG,JAKTIM,WA Delivered,HSSP_ULDL
4/1/2022 22:37,REGIONAL 3,LBG,BANDUNG,WA Delivered,HSSP_ULDL
4/1/2022 22:37,REGIONAL 5,SEL,MATARAM,WA Delivered,HSSP_ULDL
4/1/2022 22:37,REGIONAL 2,CID,JAKPUS,WA Read,HSSP_ULDL
4/1/2022 22:37,REGIONAL 2,CWA,JAKTIM,WA Read,HSSP_ULDL
4/1/2022 22:37,REGIONAL 3,JTW,CIREBON,WA Read,HSSP_ULDL
4/1/2022 22:37,REGIONAL 2,KDY,JAKBAR,WA Rejected,HSSP_ULDL
4/1/2022 22:37,REGIONAL 2,KBY,JAKSEL,WA Rejected,HSSP_ULDL
4/1/2022 22:37,REGIONAL 2,TBE,JAKSEL,WA Rejected,HSSP_ULDL
4/1/2022 22:37,REGIONAL 2,KLD,JAKTIM,WA Rejected,HSSP_ULDL
4/1/2022 22:37,REGIONAL 2,RMG,JAKTIM,WA Rejected,HSSP_ULDL
4/1/2022 22:37,REGIONAL 2,CLD,TANGERANG,WA Rejected,HSSP_ULDL
4/1/2022 22:38,REGIONAL 2,CPA,TANGERANG,WA Read,HSSP_ULDL
4/1/2022 22:38,REGIONAL 3,SMD,BANDUNG,WA Read,HSSP_ULDL
4/1/2022 22:38,REGIONAL 4,MTY,MAGELANG,WA Rejected,HSSP_ULDL
4/1/2022 22:38,REGIONAL 4,PKM,YOGYAKARTA,WA Rejected,HSSP_ULDL
4/1/2022 22:38,REGIONAL 2,PAG,BOGOR,WA Delivered,HSSP_ULDL
4/1/2022 22:38,REGIONAL 2,LGK,TANGERANG,WA Delivered,HSSP_ULDL
4/1/2022 22:38,REGIONAL 3,SKB,SUKABUMI,WA Delivered,HSSP_ULDL
4/1/2022 22:38,REGIONAL 4,SLI,SEMARANG,WA Delivered,HSSP_ULDL
4/1/2022 22:38,REGIONAL 2,BEK,BEKASI,WA Read,HSSP_ULDL
4/1/2022 22:38,REGIONAL 2,BIN,JAKSEL,WA Read,HSSP_ULDL
4/1/2022 22:38,REGIONAL 2,CWA,JAKTIM,WA Read,HSSP_ULDL
4/1/2022 22:38,REGIONAL 2,JTN,JAKTIM,WA Read,HSSP_ULDL
4/1/2022 22:38,REGIONAL 2,KRG,JAKTIM,WA Read,HSSP_ULDL
4/1/2022 22:38,REGIONAL 2,RMG,JAKTIM,WA Read,HSSP_ULDL
4/1/2022 22:38,REGIONAL 3,KRM,CIREBON,WA Read,HSSP_ULDL
4/1/2022 22:38,REGIONAL 4,PBG,PURWOKERTO,WA Read,HSSP_ULDL
4/1/2022 22:38,REGIONAL 4,PWT,PURWOKERTO,WA Read,HSSP_ULDL
4/1/2022 22:38,REGIONAL 4,PWT,PURWOKERTO,WA Read,HSSP_ULDL
4/1/2022 22:38,REGIONAL 5,BWG,JEMBER,WA Read,HSSP_ULDL
4/1/2022 22:38,REGIONAL 5,BDG,SBY UTARA,WA Read,HSSP_ULDL
4/1/2022 22:38,REGIONAL 6,BNT,PALANGKARAYA,WA Read,HSSP_ULDL
4/1/2022 22:38,REGIONAL 2,KRG,JAKTIM,WA Rejected,HSSP_ULDL
4/1/2022 22:38,REGIONAL 2,PSK,TANGERANG,WA Rejected,HSSP_ULDL
4/1/2022 22:38,REGIONAL 3,RGA,CIREBON,WA Rejected,HSSP_ULDL
4/1/2022 22:38,REGIONAL 4,PWT,PURWOKERTO,WA Rejected,HSSP_ULDL
4/1/2022 22:38,REGIONAL 4,PGR,YOGYAKARTA,WA Rejected,HSSP_ULDL
4/1/2022 22:38,REGIONAL 2,PSR,JAKTIM,WA Submitted,HSSP_ULDL
4/1/2022 22:38,REGIONAL 4,SLI,SEMARANG,WA Submitted,HSSP_ULDL
4/1/2022 22:38,REGIONAL 4,SRG,SOLO,WA Submitted,HSSP_ULDL
4/1/2022 22:38,REGIONAL 4,PWT,PURWOKERTO,WA Delivered,HSSP_ULDL
4/1/2022 22:38,REGIONAL 3,CJR,SUKABUMI,WA Read,HSSP_ULDL
4/1/2022 22:38,REGIONAL 4,SLI,SEMARANG,WA Read,HSSP_ULDL
4/1/2022 22:38,REGIONAL 4,KBU,YOGYAKARTA,WA Read,HSSP_ULDL
4/1/2022 22:38,REGIONAL 2,LGK,TANGERANG,WA Delivered,HSSP_ULDL
4/1/2022 22:38,REGIONAL 2,JBB,BEKASI,WA Read,HSSP_ULDL
4/1/2022 22:38,REGIONAL 2,JTN,JAKTIM,WA Read,HSSP_ULDL
4/1/2022 22:38,REGIONAL 3,DGO,BANDUNG,WA Read,HSSP_ULDL
4/1/2022 22:38,REGIONAL 4,SLI,SEMARANG,WA Read,HSSP_ULDL
4/1/2022 22:38,REGIONAL 4,KGD,YOGYAKARTA,WA Read,HSSP_ULDL
4/1/2022 22:38,REGIONAL 2,GAN,JAKTIM,WA Rejected,HSSP_ULDL
5/9/2022 16:15,REGIONAL 6,TRK,TARAKAN,WA Read,ULDL
5/9/2022 16:15,REGIONAL 6,TRK,TARAKAN,WA Read,ULDL
5/9/2022 16:15,REGIONAL 6,TSL,TARAKAN,WA Read,ULDL
5/9/2022 16:15,REGIONAL 6,BRU,BALIKPAPAN,WA Read,ULDL
5/9/2022 16:15,REGIONAL 6,GSA,BALIKPAPAN,WA Read,ULDL
5/9/2022 16:15,REGIONAL 6,AMT,BANJARMASIN,WA Read,ULDL
5/9/2022 16:15,REGIONAL 6,RTA,BANJARMASIN,WA Read,ULDL
5/9/2022 16:15,REGIONAL 6,TJL,BANJARMASIN,WA Read,ULDL
5/9/2022 16:15,REGIONAL 6,TJL,BANJARMASIN,WA Read,ULDL
5/9/2022 16:15,REGIONAL 6,PBU,PALANGKARAYA,WA Read,ULDL
5/9/2022 16:15,REGIONAL 6,KKU,PONTIANAK,WA Read,ULDL
5/9/2022 16:15,REGIONAL 6,NGG,PONTIANAK,WA Read,ULDL
5/9/2022 16:15,REGIONAL 6,NPN,PONTIANAK,WA Read,ULDL
5/9/2022 16:15,REGIONAL 6,PTK,PONTIANAK,WA Read,ULDL
5/9/2022 16:15,REGIONAL 6,PTK,PONTIANAK,WA Read,ULDL
5/9/2022 16:15,REGIONAL 6,SDR,PONTIANAK,WA Read,ULDL
5/9/2022 16:15,REGIONAL 6,SGU,PONTIANAK,WA Read,ULDL
5/9/2022 16:15,REGIONAL 6,SNW,PONTIANAK,WA Read,ULDL
5/9/2022 16:15,REGIONAL 6,SRD,PONTIANAK,WA Read,ULDL
5/9/2022 16:15,REGIONAL 6,STG,PONTIANAK,WA Read,ULDL
5/9/2022 16:15,REGIONAL 6,STG,PONTIANAK,WA Read,ULDL
5/9/2022 16:15,REGIONAL 6,PAA,SAMARINDA,WA Read,ULDL
5/9/2022 16:15,REGIONAL 6,SEM,SAMARINDA,WA Read,ULDL
5/9/2022 16:15,REGIONAL 6,TGG,SAMARINDA,WA Read,ULDL
5/9/2022 16:15,REGIONAL 6,TGG,SAMARINDA,WA Read,ULDL
5/9/2022 16:15,REGIONAL 6,TRK,TARAKAN,WA Read,ULDL
5/9/2022 16:15,REGIONAL 7,ABO,AMBON,WA Read,ULDL
5/9/2022 16:15,REGIONAL 7,TUA,AMBON,WA Read,ULDL
5/9/2022 16:15,REGIONAL 7,GTL,GORONTALO,WA Read,ULDL
5/9/2022 16:15,REGIONAL 7,ABE,JAYAPURA,WA Read,ULDL
5/9/2022 16:15,REGIONAL 7,SNI,JAYAPURA,WA Read,ULDL
5/9/2022 16:15,REGIONAL 7,SNI,JAYAPURA,WA Read,ULDL
5/9/2022 16:15,REGIONAL 7,KDR,KENDARI,WA Read,ULDL
5/9/2022 16:15,REGIONAL 7,KKA,KENDARI,WA Read,ULDL
5/9/2022 16:15,REGIONAL 7,BAL,MAKASAR,WA Read,ULDL
5/9/2022 16:15,REGIONAL 7,BAL,MAKASAR,WA Read,ULDL
5/9/2022 16:15,REGIONAL 7,UNH,KENDARI,WA Read,ULDL
5/9/2022 16:15,REGIONAL 7,UNH,KENDARI,WA Read,ULDL
5/9/2022 16:15,REGIONAL 7,UNH,KENDARI,WA Read,ULDL
5/9/2022 16:15,REGIONAL 7,UNH,KENDARI,WA Read,ULDL
5/9/2022 16:15,REGIONAL 7,UNH,KENDARI,WA Read,ULDL
5/9/2022 16:15,REGIONAL 7,UNH,KENDARI,WA Read,ULDL
5/9/2022 16:15,REGIONAL 7,UNH,KENDARI,WA Read,ULDL
5/9/2022 16:15,REGIONAL 7,UNH,KENDARI,WA Read,ULDL
5/9/2022 16:15,REGIONAL 7,UNH,KENDARI,WA Read,ULDL
5/9/2022 16:15,REGIONAL 7,UNH,KENDARI,WA Read,ULDL
5/9/2022 16:15,REGIONAL 7,UNH,KENDARI,WA Read,ULDL
5/9/2022 16:15,REGIONAL 7,WNC,KENDARI,WA Read,ULDL
5/9/2022 16:15,REGIONAL 7,WNC,KENDARI,WA Read,ULDL
5/9/2022 16:15,REGIONAL 7,WNC,KENDARI,WA Read,ULDL
5/9/2022 16:15,REGIONAL 7,WNC,KENDARI,WA Read,ULDL
5/9/2022 16:15,REGIONAL 7,WNC,KENDARI,WA Read,ULDL
5/9/2022 16:15,REGIONAL 7,WNC,KENDARI,WA Read,ULDL
5/9/2022 16:15,REGIONAL 7,ANT,MAKASAR,WA Read,ULDL
5/9/2022 16:15,REGIONAL 7,ANT,MAKASAR,WA Read,ULDL
5/9/2022 16:15,REGIONAL 7,ANT,MAKASAR,WA Read,ULDL
5/9/2022 16:15,REGIONAL 7,ANT,MAKASAR,WA Read,ULDL
5/9/2022 16:15,REGIONAL 7,ANT,MAKASAR,WA Read,ULDL
5/9/2022 16:15,REGIONAL 7,ANT,MAKASAR,WA Read,ULDL
5/9/2022 16:15,REGIONAL 7,ANT,MAKASAR,WA Read,ULDL
5/9/2022 16:15,REGIONAL 7,ANT,MAKASAR,WA Read,ULDL
5/9/2022 16:15,REGIONAL 7,ANT,MAKASAR,WA Read,ULDL
5/9/2022 16:15,REGIONAL 7,ANT,MAKASAR,WA Read,ULDL
5/9/2022 16:15,REGIONAL 7,ANT,MAKASAR,WA Read,ULDL
5/9/2022 16:15,REGIONAL 7,ANT,MAKASAR,WA Read,ULDL
5/9/2022 16:15,REGIONAL 6,PYM,PALANGKARAYA,WA Delivered,ULDL
5/9/2022 16:15,REGIONAL 6,SRY,PONTIANAK,WA Delivered,ULDL
5/9/2022 16:15,REGIONAL 6,LKT,SAMARINDA,WA Delivered,ULDL
5/9/2022 16:15,REGIONAL 6,LOB,SAMARINDA,WA Delivered,ULDL
5/9/2022 16:15,REGIONAL 6,TMD,SAMARINDA,WA Delivered,ULDL
5/9/2022 16:15,REGIONAL 6,TSL,TARAKAN,WA Delivered,ULDL
5/9/2022 16:15,REGIONAL 7,PAO,AMBON,WA Delivered,ULDL
5/9/2022 16:15,REGIONAL 7,ABE,JAYAPURA,WA Delivered,ULDL
5/9/2022 16:15,REGIONAL 7,ABE,JAYAPURA,WA Delivered,ULDL
5/9/2022 16:15,REGIONAL 7,JAP,JAYAPURA,WA Delivered,ULDL
5/9/2022 16:15,REGIONAL 7,MRK,JAYAPURA,WA Delivered,ULDL
5/9/2022 16:15,REGIONAL 7,MRS,GORONTALO,WA Delivered,ULDL
5/9/2022 16:15,REGIONAL 7,MRS,GORONTALO,WA Delivered,ULDL
5/9/2022 16:15,REGIONAL 7,TLG,GORONTALO,WA Delivered,ULDL
5/9/2022 16:15,REGIONAL 7,TLG,GORONTALO,WA Delivered,ULDL
5/9/2022 16:15,REGIONAL 7,TLG,GORONTALO,WA Delivered,ULDL
5/9/2022 16:15,REGIONAL 7,TLG,GORONTALO,WA Delivered,ULDL
5/9/2022 16:15,REGIONAL 7,TLG,GORONTALO,WA Delivered,ULDL
5/9/2022 16:15,REGIONAL 7,TLG,GORONTALO,WA Delivered,ULDL
5/9/2022 16:15,REGIONAL 7,TLG,GORONTALO,WA Delivered,ULDL
5/9/2022 16:15,REGIONAL 7,TLG,GORONTALO,WA Delivered,ULDL
5/9/2022 16:15,REGIONAL 7,ABE,JAYAPURA,WA Delivered,ULDL
5/9/2022 16:15,REGIONAL 7,ABE,JAYAPURA,WA Delivered,ULDL
5/9/2022 16:15,REGIONAL 7,ABE,JAYAPURA,WA Delivered,ULDL
5/9/2022 16:15,REGIONAL 7,ABE,JAYAPURA,WA Delivered,ULDL
5/9/2022 16:15,REGIONAL 7,ABE,JAYAPURA,WA Delivered,ULDL
5/9/2022 16:15,REGIONAL 7,ABE,JAYAPURA,WA Delivered,ULDL
5/9/2022 16:15,REGIONAL 7,ABE,JAYAPURA,WA Delivered,ULDL
5/9/2022 16:15,REGIONAL 7,ABE,JAYAPURA,WA Delivered,ULDL
6/24/2022 21:11,REGIONAL 7,PLB,PALU,WA Rejected,ULDL
6/24/2022 21:11,REGIONAL 7,TEN,PALU,WA Rejected,ULDL
6/24/2022 21:11,REGIONAL 7,TOL,PALU,WA Rejected,ULDL
6/24/2022 21:11,REGIONAL 7,ENR,PAREPARE,WA Rejected,ULDL
6/24/2022 21:11,REGIONAL 7,MAJ,PAREPARE,WA Rejected,ULDL
6/24/2022 21:11,REGIONAL 7,MAK,PAREPARE,WA Rejected,ULDL
6/24/2022 21:11,REGIONAL 7,MAM,PAREPARE,WA Rejected,ULDL
6/24/2022 21:11,REGIONAL 7,PIN,PAREPARE,WA Rejected,ULDL
6/24/2022 21:11,REGIONAL 7,PRE,PAREPARE,WA Rejected,ULDL
6/24/2022 21:11,REGIONAL 7,WTG,PAREPARE,WA Rejected,ULDL
6/24/2022 21:11,REGIONAL 3,KLI,KARAWANG,WA Submitted,ULDL
6/24/2022 21:11,REGIONAL 6,BLC,BANJARMASIN,WA Submitted,ULDL
6/24/2022 21:11,REGIONAL 6,SER,BANJARMASIN,WA Submitted,ULDL
6/24/2022 21:11,REGIONAL 6,BNT,PALANGKARAYA,WA Submitted,ULDL
6/24/2022 21:11,REGIONAL 6,KSO,PALANGKARAYA,WA Submitted,ULDL
6/24/2022 21:11,REGIONAL 6,MTW,PALANGKARAYA,WA Submitted,ULDL
6/24/2022 21:11,REGIONAL 6,PBU,PALANGKARAYA,WA Submitted,ULDL
6/24/2022 21:11,REGIONAL 6,PLK,PALANGKARAYA,WA Submitted,ULDL
6/24/2022 21:11,REGIONAL 6,SAI,PALANGKARAYA,WA Submitted,ULDL
6/24/2022 21:11,REGIONAL 6,BOT,SAMARINDA,WA Submitted,ULDL
6/24/2022 21:11,REGIONAL 6,BOT,SAMARINDA,WA Submitted,ULDL
6/24/2022 21:11,REGIONAL 6,LOB,SAMARINDA,WA Submitted,ULDL
6/24/2022 21:11,REGIONAL 6,LOB,SAMARINDA,WA Submitted,ULDL
6/24/2022 21:11,REGIONAL 6,SEM,SAMARINDA,WA Submitted,ULDL
6/24/2022 21:11,REGIONAL 6,SEM,SAMARINDA,WA Submitted,ULDL
7/1/2022 21:11,REGIONAL 5,KPS,SBY UTARA,WA Delivered,ULDL
7/1/2022 21:11,REGIONAL 5,KRP,SBY UTARA,WA Delivered,ULDL
7/1/2022 21:11,REGIONAL 5,LKI,SBY UTARA,WA Delivered,ULDL
7/1/2022 21:11,REGIONAL 5,TNS,SBY UTARA,WA Delivered,ULDL
7/1/2022 21:11,REGIONAL 5,PRB,KEDIRI,WA Delivered,ULDL
7/1/2022 21:11,REGIONAL 5,PRB,KEDIRI,WA Delivered,ULDL
7/1/2022 21:11,REGIONAL 5,BLB,MALANG,WA Delivered,ULDL
7/1/2022 21:11,REGIONAL 7,PRE,PAREPARE,WA Delivered,ULDL
7/1/2022 21:11,REGIONAL 7,BAR,PAREPARE,WA Delivered,ULDL
7/1/2022 21:11,REGIONAL 7,MLL,PAREPARE,WA Delivered,ULDL
7/1/2022 21:11,REGIONAL 7,PIN,PAREPARE,WA Delivered,ULDL
7/1/2022 21:11,REGIONAL 7,FFA,SORONG,WA Delivered,ULDL
7/1/2022 21:11,REGIONAL 7,FFA,SORONG,WA Delivered,ULDL
7/1/2022 21:11,REGIONAL 1,MDC,MEDAN,WA Read,ULDL
7/1/2022 21:11,REGIONAL 1,PBB,RIDAR,WA Read,ULDL
7/1/2022 21:11,REGIONAL 1,PBB,RIDAR,WA Read,ULDL
7/1/2022 21:11,REGIONAL 2,BIN,JAKSEL,WA Read,ULDL
7/1/2022 21:11,REGIONAL 2,MKR,JAKUT,WA Read,ULDL
7/1/2022 21:11,REGIONAL 2,PDM,JAKUT,WA Read,ULDL
7/1/2022 21:11,REGIONAL 3,LBG,BANDUNG,WA Read,ULDL
7/1/2022 21:11,REGIONAL 4,KTM,PEKALONGAN,WA Read,ULDL
7/1/2022 21:11,REGIONAL 4,MSO,SOLO,WA Read,ULDL
7/1/2022 21:11,REGIONAL 4,KDW,PEKALONGAN,WA Read,ULDL
7/1/2022 21:11,REGIONAL 4,PML,PEKALONGAN,WA Read,ULDL
7/1/2022 21:11,REGIONAL 5,GDG,MALANG,WA Read,ULDL
7/1/2022 21:11,REGIONAL 5,GDG,MALANG,WA Read,ULDL
7/1/2022 21:11,REGIONAL 5,BLB,MALANG,WA Read,ULDL
7/1/2022 21:11,REGIONAL 5,BLB,MALANG,WA Read,ULDL
7/1/2022 21:11,REGIONAL 5,GDG,MALANG,WA Read,ULDL
7/26/2022 5:11,REGIONAL 5,KLM,DENPASAR,undefined,
7/26/2022 5:11,REGIONAL 5,KBS,JEMBER,undefined,
7/26/2022 5:11,REGIONAL 5,PUG,JEMBER,undefined,
7/26/2022 5:11,REGIONAL 5,SPO,JEMBER,undefined,
7/26/2022 5:11,REGIONAL 5,KDI,KEDIRI,undefined,
7/26/2022 5:11,REGIONAL 5,NJK,KEDIRI,undefined,
7/26/2022 5:11,REGIONAL 5,KPN,KUPANG,undefined,
7/26/2022 5:11,REGIONAL 5,RTE,KUPANG,undefined,
7/26/2022 5:11,REGIONAL 5,BLB,MALANG,undefined,
7/26/2022 5:11,REGIONAL 5,BLB,MALANG,undefined,
7/26/2022 5:11,REGIONAL 5,BRG,MALANG,undefined,
7/26/2022 5:11,REGIONAL 5,BTU,MALANG,undefined,
7/26/2022 5:11,REGIONAL 5,KLJ,MALANG,undefined,
7/26/2022 5:11,REGIONAL 5,MTR,MATARAM,undefined,
7/26/2022 5:11,REGIONAL 5,GSK,SBY UTARA,undefined,
7/26/2022 5:11,REGIONAL 5,SGR,SINGARJA,undefined,
7/26/2022 5:11,REGIONAL 5,BLB,MALANG,undefined,
7/26/2022 5:11,REGIONAL 5,BBE,SBY UTARA,undefined,
7/26/2022 5:11,REGIONAL 5,GSK,SBY UTARA,undefined,
7/26/2022 5:11,REGIONAL 5,TNS,SBY UTARA,undefined,
7/26/2022 5:11,REGIONAL 5,GDA,SIDOARJO,undefined,
7/26/2022 5:11,REGIONAL 5,MRT,SIDOARJO,undefined,
7/26/2022 5:11,REGIONAL 5,PDA,SIDOARJO,undefined,
7/26/2022 5:11,REGIONAL 5,GDG,MALANG,undefined,
7/26/2022 5:11,REGIONAL 5,SDN,SIDOARJO,undefined,
7/26/2022 5:11,REGIONAL 7,GTL,GORONTALO,undefined,
7/26/2022 5:11,REGIONAL 7,MMS,PAREPARE,undefined,
7/26/2022 5:11,REGIONAL 7,PLW,PAREPARE,undefined,
7/26/2022 5:11,REGIONAL 7,MMS,PAREPARE,undefined,
7/26/2022 5:11,REGIONAL 7,PLW,PAREPARE,undefined,
7/26/2022 5:11,REGIONAL 7,SRK,PAREPARE,undefined,
7/26/2022 5:11,REGIONAL 7,MDG,KENDARI,undefined,
7/26/2022 5:11,REGIONAL 7,RTP,PAREPARE,undefined,
7/26/2022 5:11,REGIONAL 7,RTP,PAREPARE,undefined,
